Id,SalePrice
1,120072.296875
2,128225.4296875
3,204423.09375
4,119113.25
5,201488.71875
6,220691.9375
7,195277.484375
8,201600.671875
9,169199.421875
10,119607.3359375
11,185197.890625
12,132946.9375
13,143291.09375
14,149788.328125
15,146404.109375
16,175617.140625
17,191629.46875
18,150757
19,192519.59375
20,148970.796875
21,159439.796875
22,173837.375
23,151261.5
24,138705.171875
25,181062.96875
26,115025.296875
27,163786.234375
28,187433.109375
29,275460.34375
30,188500.875
31,130392.484375
32,182403.609375
33,166942.59375
34,180264.65625
35,192953.65625
36,149005.03125
37,137925.359375
38,214390.25
39,139267.296875
40,159248.953125
41,162833.015625
42,187372.828125
43,186038.15625
44,245972.40625
45,246997.34375
46,195876.09375
47,182414.234375
48,192951.515625
49,153454.375
50,179228.71875
51,236030
52,160978.5625
53,154313.265625
54,196118.421875
55,177106.140625
56,189966.453125
57,160878.5625
58,147016.703125
59,169690.015625
60,142626.234375
61,163423.796875
62,187305.515625
63,140588.046875
64,208965.078125
65,130638.0859375
66,181797.171875
67,166226.125
68,160213.296875
69,218942.921875
70,174428.578125
71,165150.828125
72,134594.828125
73,293664.03125
74,136520.21875
75,140731.046875
76,123974.359375
77,224452.46875
78,201126.921875
79,161495.078125
80,168678.1875
81,213200.9375
82,171002.296875
83,170126.359375
84,148207.921875
85,170974.359375
86,151433.203125
87,120183.703125
88,168011.734375
89,195076.9375
90,159699.109375
91,104775.5546875
92,183017.46875
93,193837.65625
94,158276.578125
95,190228.96875
96,185149.484375
97,188395.96875
98,326837.03125
99,138722.90625
100,115978.5625
101,164826.796875
102,127315.8203125
103,158189.6875
104,138117.390625
105,204570.171875
106,242660.71875
107,191457
108,236611.828125
109,154282.1875
110,207926.875
111,103690.296875
112,122042.7109375
113,137188
114,197886.609375
115,191922.140625
116,94112.65625
117,170973.953125
118,145029.859375
119,120803.5546875
120,169908.140625
121,119831.5078125
122,218080.09375
123,148687.8125
124,182474.6875
125,191485.75
126,227721.703125
127,133222.1875
128,134375.375
129,182239.421875
130,146173.59375
131,182111.421875
132,208008.625
133,212989.203125
134,140439.21875
135,152316.75
136,150070.3125
137,171875.984375
138,218442.59375
139,139644.6875
140,155764.703125
141,171969.046875
142,215424.421875
143,116038.390625
144,171210.390625
145,121287.6484375
146,164918.796875
147,196748.671875
148,146784.3125
149,239634.578125
150,134569.765625
151,199493.484375
152,181780.078125
153,183581.203125
154,179918.0625
155,129847.90625
156,184071.140625
157,131274.421875
158,180211.59375
159,221594.65625
160,146258.203125
161,188468.453125
162,191216.484375
163,199737.1875
164,190277.015625
165,200415.828125
166,160008.421875
167,243988.453125
168,122287.8671875
169,112526.8515625
170,133234.65625
171,161674.359375
172,201331.6875
173,284674
174,139706.59375
175,133709.65625
176,170440.125
177,208453.03125
178,218480.25
179,191303.984375
180,172826.671875
181,164691.625
182,144652.0625
183,118402.0078125
184,173620.28125
185,169776.21875
186,149670.25
187,190528.171875
188,231166.203125
189,174543.5625
190,195543.203125
191,172176.90625
192,138164.109375
193,164913.75
194,180298.25
195,168462.9375
196,138637.921875
197,222875.875
198,299327.125
199,234594.390625
200,144797.25
201,188730.328125
202,136301.203125
203,124114.2265625
204,123984.078125
205,213425.84375
206,204549.921875
207,156637.390625
208,248799.375
209,198949.703125
210,216984.84375
211,196723.796875
212,195491.890625
213,146068.203125
214,171311.03125
215,292180.625
216,220110.5625
217,173156.453125
218,158061.25
219,161559.78125
220,220147.296875
221,180424.28125
222,140654
223,155056.09375
224,161687.03125
225,210815.96875
226,187736.390625
227,172065.125
228,170292.203125
229,172751.546875
230,174219.046875
231,144183.671875
232,217190.171875
233,132668.046875
234,159933.203125
235,210514.21875
236,202602.859375
237,196474.34375
238,217299.40625
239,184169.0625
240,150603.96875
241,149223.5625
242,148545.3125
243,147887.6875
244,148860.703125
245,140363.375
246,183761.125
247,188829.390625
248,157576.1875
249,166063.125
250,163934.296875
251,147507.03125
252,138663.15625
253,111907.6328125
254,118739.9375
255,252895.140625
256,132165.53125
257,153244.75
258,192649.71875
259,184200.234375
260,203663.296875
261,194352.25
262,210177.078125
263,118950.0625
264,132304.40625
265,160752.359375
266,130693.4140625
267,179204.546875
268,195666.15625
269,159768.625
270,169073.90625
271,141779.921875
272,174667.203125
273,229493.703125
274,171880.390625
275,131758.3125
276,179147.46875
277,142363.546875
278,149432.546875
279,242480.21875
280,160985.109375
281,153629.203125
282,165936.53125
283,146138.03125
284,163315.1875
285,207507.59375
286,153752.203125
287,142931.359375
288,120168.5859375
289,123984.125
290,317876.25
291,136542.8125
292,138798.75
293,125854.734375
294,158658.515625
295,136861.703125
296,188200.046875
297,130894.3984375
298,144140.109375
299,169187.015625
300,155408.71875
301,144319.046875
302,150724.703125
303,220278.25
304,143503.453125
305,226343.21875
306,178504.84375
307,144679.109375
308,177586.390625
309,167409.453125
310,303473.84375
311,179853.484375
312,167754.703125
313,179968.015625
314,130879.7265625
315,118590.8671875
316,110013.625
317,181363.96875
318,170904.90625
319,170748.515625
320,140338.328125
321,149989.765625
322,153477.765625
323,227950.875
324,192835.984375
325,228716.015625
326,134636.8125
327,109834.0546875
328,121352.6953125
329,169279.171875
330,128700.4609375
331,177339.0625
332,165554.390625
333,170583
334,202282.65625
335,143251.375
336,119038.765625
337,184720.640625
338,138489.84375
339,156780.0625
340,162497.71875
341,156753.015625
342,129838.625
343,163450.875
344,179464.046875
345,186616.015625
346,193704.265625
347,154358.1875
348,152910.25
349,122516.3359375
350,205704.234375
351,185882.296875
352,146173.578125
353,234445.53125
354,174160.890625
355,152969.125
356,184316.84375
357,181728.671875
358,176752.140625
359,180124.375
360,136494.984375
361,164201.140625
362,185741.578125
363,114604.078125
364,171591.46875
365,174676.453125
366,128466.90625
367,133802.859375
368,202184.5
369,145357.3125
370,110446.265625
371,171681.109375
372,159908.671875
373,186201.328125
374,130190.078125
375,187714.8125
376,189323.390625
377,156581.828125
378,173842.34375
379,198222.1875
380,183799.84375
381,133490.6875
382,194429.078125
383,167931.71875
384,211970.265625
385,185296.53125
386,275993.84375
387,202505.4375
388,119933.3046875
389,135832.734375
390,138021.875
391,186699
392,148355.03125
393,195934.5625
394,157840.234375
395,176055.65625
396,145572.703125
397,156121.046875
398,167753.1875
399,148512.9375
400,164076.796875
401,131833.59375
402,167584.09375
403,191412.484375
404,159484.828125
405,127509.2734375
406,191590.515625
407,130832.5234375
408,192036.375
409,169088.578125
410,171840.375
411,146599.28125
412,179138.40625
413,156961.625
414,214063.9375
415,158840.234375
416,157911.8125
417,172879.234375
418,175921.421875
419,173951.21875
420,176931.71875
421,182042.625
422,181161.609375
423,261155.40625
424,171075.875
425,284288.03125
426,162176.234375
427,178106.890625
428,173901.921875
429,132520.125
430,173969.40625
431,220729.359375
432,182495.71875
433,152436.4375
434,262964.625
435,132571.453125
436,172160.203125
437,129389.3125
438,129229.8671875
439,210475.3125
440,149705.015625
441,157660.046875
442,203139.734375
443,187329.234375
444,257998.3125
445,207396.375
446,229541.015625
447,135579.421875
448,215000.296875
449,154059.59375
450,124432.1328125
451,168339.78125
452,130906.9609375
453,152850.65625
454,170649.453125
455,147456.546875
456,148071.171875
457,131808.0625
458,197328.34375
459,264849.65625
460,145420.46875
461,173257.375
462,100958.5625
463,188319.6875
464,139907.203125
465,134999.125
466,167830.875
467,142778.609375
468,153417.859375
469,138193.3125
470,133868.8125
471,133944.5625
472,230786.75
473,192360.578125
474,136545.78125
475,235095.796875
476,194343.328125
477,175395.984375
478,156310.453125
479,228048.0625
480,156137.9375
481,168747.671875
482,165980.8125
483,151862.125
484,140721.53125
485,143167.203125
486,213086.625
487,113082.84375
488,177761.1875
489,168274.640625
490,144430.484375
491,179440.15625
492,177355.296875
493,241137.953125
494,168778.40625
495,218182.375
496,104483.7890625
497,178737.96875
498,203633.125
499,159443.59375
500,182524.328125
501,167054.046875
502,194547.1875
503,164776.125
504,167269.359375
505,177022.5625
506,159526.1875
507,156427.578125
508,180731.4375
509,223658.6875
510,152878.046875
511,242041.984375
512,167253.390625
513,214632.6875
514,157163.5
515,171702.75
516,173872.90625
517,169898.1875
518,194396.71875
519,154540.265625
520,133552.109375
521,193667.421875
522,220077.03125
523,189038.703125
524,200451.859375
525,166266.046875
526,229443.84375
527,144168.421875
528,218957.375
529,101167.390625
530,160051
531,142601.75
532,282083.71875
533,124389.125
534,232891.734375
535,133936.65625
536,218199.796875
537,161789.796875
538,162994.234375
539,176170.890625
540,144898.671875
541,256681.953125
542,184530.65625
543,198289.328125
544,209986.703125
545,147821.46875
546,144583.5
547,182513.4375
548,245913.125
549,144856.640625
550,149581.640625
551,141077.71875
552,303696.75
553,109573.640625
554,156643.609375
555,166608.859375
556,169259.59375
557,183128.34375
558,174366
559,129842.3671875
560,179649.90625
561,223458.75
562,130281.203125
563,213010.671875
564,96888.0234375
565,198301.453125
566,161737.65625
567,163069.6875
568,163685.328125
569,142001.703125
570,142397.203125
571,152680.765625
572,230071.109375
573,167783.734375
574,149126.671875
575,145142.125
576,179542.4375
577,139685.03125
578,158171.671875
579,167711.53125
580,208839.0625
581,176543.6875
582,181099.3125
583,227062.109375
584,161252.859375
585,163425.109375
586,179736.71875
587,294671
588,240670.234375
589,201154.890625
590,118358.3359375
591,84260.1328125
592,191697.53125
593,184432.875
594,82863.921875
595,174988.296875
596,155230.828125
597,200100.21875
598,144390.9375
599,163550.890625
600,101743.515625
601,179166.8125
602,139982.234375
603,266916.125
604,121559.8515625
605,153321.4375
606,139828.484375
607,191451.25
608,214767.140625
609,148352.15625
610,136127.984375
611,186690.859375
612,183134.875
613,150174.65625
614,205700.75
615,176378.875
616,172107.9375
617,163089.59375
618,177395.3125
619,160761.03125
620,158332.421875
621,144214.484375
622,136761.09375
623,130127.203125
624,109980.171875
625,248302.421875
626,155486.96875
627,160412.765625
628,128848.625
629,159881.328125
630,138188.375
631,194976.890625
632,225476.546875
633,209350.46875
634,164296.828125
635,175749.0625
636,194366.203125
637,223213.578125
638,233909.328125
639,177129.15625
640,151688.8125
641,171979.203125
642,221287.4375
643,191947.359375
644,133946.453125
645,182989.421875
646,165409.25
647,153188.953125
648,186539.0625
649,182944.359375
650,179601.453125
651,131279.953125
652,181498.390625
653,145333.5625
654,164428.875
655,167459.84375
656,211439.75
657,144421.8125
658,179661.96875
659,223075.40625
660,170328.65625
661,166973.625
662,162754.25
663,180932.984375
664,193195.859375
665,113249.734375
666,153313.109375
667,139918.875
668,140948.25
669,168772.921875
670,166319.625
671,142927.46875
672,131260.65625
673,155840.09375
674,212339.65625
675,106391.6484375
676,183380.203125
677,221520.296875
678,208667.984375
679,211308.1875
680,170029.21875
681,186615.890625
682,134662.109375
683,101829.6796875
684,121863.296875
685,186417.796875
686,182012.9375
687,175517.203125
688,209481.140625
689,108852.921875
690,194050.34375
691,148147.296875
692,167837.265625
693,149189.078125
694,210257.796875
695,155943.515625
696,234428.921875
697,141475.421875
698,157940.46875
699,155925.265625
700,117303.84375
701,220067.078125
702,169662.65625
703,289107.65625
704,243861.015625
705,154329.421875
706,190926.421875
707,176146.8125
708,205964.359375
709,179090.265625
710,220534.203125
711,181227.359375
712,148881.453125
713,222039.46875
714,218278.65625
715,121564.515625
716,226788.796875
717,203797.265625
718,146716.625
719,140586.78125
720,136815.5
721,152482.609375
722,176733.71875
723,122712.6875
724,128352.4140625
725,182117.265625
726,126757.0390625
727,165415.59375
728,143999.3125
729,188422.59375
730,192302.9375
731,183970.078125
732,202861.578125
733,162666.4375
734,227751.171875
735,174652.03125
736,187171.5625
737,142512.734375
738,138157.296875
739,129333.6484375
740,182538.984375
741,171602.796875
742,174211.46875
743,193231.84375
744,221335.234375
745,126424.1015625
746,173730.484375
747,143037.453125
748,147997.328125
749,192655.859375
750,175161.046875
751,194851.8125
752,235066.5625
753,186372.609375
754,170021.625
755,180618.953125
756,139309.359375
757,171730.65625
758,184198.234375
759,197985.140625
760,161203.4375
761,189133.828125
762,105645.5546875
763,137325.75
764,173478.953125
765,129165.078125
766,172229.65625
767,181087.125
768,168628.65625
769,258799.265625
770,135198.421875
771,219981.515625
772,213761.296875
773,117733.3125
774,147519.203125
775,173608.65625
776,182989.109375
777,143758.296875
778,149396.703125
779,237908.421875
780,132514.546875
781,167278.40625
782,126198.5078125
783,144516.15625
784,205208.203125
785,158610.484375
786,206911.859375
787,264397.5
788,179517.515625
789,160399.5625
790,193230.546875
791,254829.625
792,188782.3125
793,138747.0625
794,167536.9375
795,227322.9375
796,200250.578125
797,154057.671875
798,151262.375
799,100816.4921875
800,179836.375
801,148533.21875
802,216083.546875
803,107888.390625
804,185961.515625
805,199054.203125
806,143639.765625
807,179669.96875
808,223956.34375
809,188605.203125
810,107680.1015625
811,189658.453125
812,129432.1015625
813,180085.03125
814,153172.140625
815,180797
816,144449.328125
817,160448.28125
818,197535.90625
819,125871.8046875
820,164440.171875
821,288262.625
822,132522.8125
823,160148.21875
824,193051.828125
825,179365.765625
826,221448.984375
827,166623.421875
828,182084.765625
829,138597.296875
830,183922.828125
831,214253.15625
832,219813.265625
833,276826.78125
834,123695.3203125
835,217963.265625
836,154955.09375
837,191365.25
838,157844.421875
839,197264.125
840,191402.21875
841,286139.21875
842,178246.109375
843,134837.5625
844,169910.640625
845,151497.4375
846,241570.84375
847,122959.078125
848,195646.734375
849,207095.25
850,147458.28125
851,205956.09375
852,247260.984375
853,187395.53125
854,168254.078125
855,252287.765625
856,277864.15625
857,207099.578125
858,139182.25
859,210975.96875
860,237800.5
861,128912.2890625
862,231073.09375
863,150849.28125
864,203173.03125
865,175702.671875
866,194264.921875
867,203009.578125
868,125111.8828125
869,140558.390625
870,165416.734375
871,178308.796875
872,152446.546875
873,266732.65625
874,202107.640625
875,194723.671875
876,169271.96875
877,131326.375
878,165285.953125
879,140225.828125
880,151797.203125
881,146477.234375
882,189523.09375
883,227585.15625
884,130658.3125
885,126065.0625
886,164616.328125
887,114018.0546875
888,179818.09375
889,171741.9375
890,166613.53125
891,179479.890625
892,249941.34375
893,177459.28125
894,161267.5625
895,233352.78125
896,175074.703125
897,212644.625
898,171983.90625
899,123731.28125
900,151903.53125
901,142487.71875
902,113915.546875
903,225720.890625
904,235491.359375
905,204526.75
906,260276.640625
907,126335.7734375
908,234646.65625
909,144326.171875
910,147405.015625
911,151813.4375
912,135719.859375
913,262953.15625
914,134384.28125
915,147552.734375
916,242106.734375
917,179507.0625
918,142437.09375
919,207316.59375
920,137336.078125
921,218728.9375
922,169046.453125
923,198404.859375
924,173426.546875
925,184870.140625
926,144907.109375
927,174831.421875
928,139851.34375
929,168396.65625
930,174770.15625
931,161242.28125
932,226420.0625
933,178632.734375
934,222314.921875
935,233444.0625
936,166542.21875
937,154675.921875
938,144582.609375
939,242696.734375
940,186920.84375
941,166292.609375
942,188639.5
943,144081.21875
944,178508.4375
945,151235
946,229044.21875
947,158510.65625
948,237917
949,208141.28125
950,129581.515625
951,106666.75
952,127716.7578125
953,239424.59375
954,196548.75
955,124707.7890625
956,182542.96875
957,131073.078125
958,245600.40625
959,269610
960,146368.75
961,141716.28125
962,119772.828125
963,208229.953125
964,303624.9375
965,196411.75
966,132802.015625
967,162440.421875
968,159219.09375
969,180480.765625
970,152477.421875
971,187331.328125
972,194653.03125
973,175724.40625
974,223143.40625
975,173434.984375
976,143746.453125
977,161554.234375
978,114369.9296875
979,247234.734375
980,161968.65625
981,171214.90625
982,157670.859375
983,122860.3125
984,146141.078125
985,145843.265625
986,188711.609375
987,95463.4375
988,111343.765625
989,175804.40625
990,126682.8359375
991,219933.125
992,208826.703125
993,199308.859375
994,102402.8984375
995,222489.46875
996,169209.609375
997,168766.546875
998,151328.21875
999,187126.78125
1000,132936.09375
1001,189678.96875
1002,147678.28125
1003,117641.640625
1004,113483.28125
1005,217835.09375
1006,159069.484375
1007,143233.15625
1008,108994.375
1009,234474.1875
1010,159577.796875
1011,179079.203125
1012,180451.015625
1013,142975.0625
1014,154483.5625
1015,130123.09375
1016,202277.375
1017,183516.65625
1018,198288.78125
1019,206327.53125
1020,178051.0625
1021,199247.375
1022,205704.671875
1023,157684.671875
1024,156355.96875
1025,202538.390625
1026,159566.34375
1027,120333.0703125
1028,154022.671875
1029,140829.125
1030,170082.171875
1031,126183.9609375
1032,153016.9375
1033,174632.5625
1034,137772.671875
1035,166555.109375
1036,149685.25
1037,110018.140625
1038,164556.28125
1039,179476.390625
1040,195097.25
1041,256600.984375
1042,150483.59375
1043,124067.25
1044,188439.75
1045,223186.921875
1046,160819.34375
1047,145723.609375
1048,173340.265625
1049,142218.328125
1050,159358.75
1051,237457.875
1052,195045.296875
1053,191375.9375
1054,193716.84375
1055,151868.140625
1056,186874.859375
1057,178845.984375
1058,110287.2265625
1059,155194.640625
1060,135682.9375
1061,185574.890625
1062,166545.15625
1063,144039.296875
1064,163811.0625
1065,257313.015625
1066,198032.71875
1067,114054
1068,160529.328125
1069,247507.03125
1070,162367.9375
1071,215459.140625
1072,265086.40625
1073,206243.421875
1074,280508.46875
1075,142977.078125
1076,218750.15625
1077,142348.625
1078,203018.671875
1079,228757.921875
1080,154712.71875
1081,168433.78125
1082,132414.546875
1083,137514.078125
1084,256804.53125
1085,143070.984375
1086,142556.765625
1087,194702.515625
1088,157241.921875
1089,248240.296875
1090,237989.71875
1091,177511.375
1092,184367
1093,176825.53125
1094,183924.171875
1095,155949.84375
1096,176849.984375
1097,116060.5078125
1098,216731.59375
1099,228900
1100,166798.890625
1101,185400.78125
1102,180951.21875
1103,179136.546875
1104,204570.9375
1105,162392.46875
1106,154532.9375
1107,135611.859375
1108,119008.609375
1109,164473
1110,155120.46875
1111,175918.953125
1112,135617.59375
1113,126980.8046875
1114,126959.40625
1115,161566.40625
1116,186309.796875
1117,141138.953125
1118,172124.71875
1119,154763.15625
1120,181545.453125
1121,175144.3125
1122,170559.171875
1123,137022.234375
1124,115197.8828125
1125,174659.40625
1126,198553.328125
1127,161299.9375
1128,162448.375
1129,159457.78125
1130,164462.640625
1131,210963.34375
1132,171574.203125
1133,224857.1875
1134,215899.78125
1135,140586.109375
1136,128468.8046875
1137,145879.046875
1138,181275.0625
1139,178718.34375
1140,121945.53125
1141,147638.4375
1142,262002.578125
1143,157564.46875
1144,118475.6875
1145,118469.390625
1146,160404.84375
1147,298997.84375
1148,166552.390625
1149,142479.984375
1150,162606.890625
1151,116727.1796875
1152,139206.28125
1153,160405.3125
1154,160086.46875
1155,191875
1156,251337.96875
1157,173834.03125
1158,154471.25
1159,154567.4375
1160,128476.3828125
1161,111214.90625
1162,141746.28125
1163,131675.59375
1164,151993.578125
1165,110674.28125
1166,153730.34375
1167,152043.328125
1168,164746.515625
1169,172375.96875
1170,152934.125
1171,177088.890625
1172,152461.8125
1173,146347.65625
1174,200236
1175,123116.609375
1176,152751.234375
1177,173320.9375
1178,183313.921875
1179,235830.59375
1180,184389.046875
1181,130574.4375
1182,176519.125
1183,220977.53125
1184,155515.421875
1185,194477.84375
1186,130268.1328125
1187,253406.984375
1188,259627.640625
1189,240094.9375
1190,129287.2890625
1191,179045.671875
1192,239654.203125
1193,146345.828125
1194,165916.078125
1195,199177.515625
1196,213636.625
1197,178833.625
1198,157082.9375
1199,196315.984375
1200,129070.0625
1201,183527.890625
1202,107017.7109375
1203,249363.0625
1204,179979.3125
1205,133546.078125
1206,129094.21875
1207,149334.78125
1208,140934.28125
1209,197604.0625
1210,146850.1875
1211,110655.109375
1212,242249.828125
1213,182475.71875
1214,161698.40625
1215,208291.796875
1216,147126.640625
1217,216485.328125
1218,162982.546875
1219,148478.828125
1220,140489.453125
1221,141192.140625
1222,139239.921875
1223,139795.171875
1224,109431.2109375
1225,179032.21875
1226,183493.03125
1227,219836.546875
1228,210600.90625
1229,202771.875
1230,176899.765625
1231,195654.875
1232,195491.84375
1233,169975.796875
1234,215536.5
1235,197336.0625
1236,141778.390625
1237,202378.484375
1238,145520.328125
1239,201627.78125
1240,216163.03125
1241,251549.546875
1242,192271.515625
1243,184795.375
1244,169679.90625
1245,164274.625
1246,235725
1247,136382.78125
1248,209395.5
1249,244486.671875
1250,115015.9765625
1251,181644.0625
1252,163550.4375
1253,143003.4375
1254,100006.6328125
1255,150248.9375
1256,192671.703125
1257,187212.328125
1258,198851.8125
1259,137292.265625
1260,201161.03125
1261,218646.953125
1262,267527.59375
1263,205603.9375
1264,118382.6640625
1265,136141.625
1266,253039.90625
1267,179938.890625
1268,177033.6875
1269,260705.4375
1270,194112.21875
1271,148228
1272,194958.5625
1273,192810.890625
1274,228220
1275,291141.375
1276,228319.703125
1277,238126.21875
1278,176416.78125
1279,274731.59375
1280,197405.125
1281,125413.6953125
1282,187201.140625
1283,169884.953125
1284,157795.078125
1285,155921.328125
1286,177909.5625
1287,174344.65625
1288,179182.125
1289,219595.21875
1290,152618.578125
1291,165083.390625
1292,186194.984375
1293,174112.25
1294,174822.171875
1295,151159.015625
1296,176199.125
1297,183284.015625
1298,185223.359375
1299,185363.578125
1300,128608.8671875
1301,159181.75
1302,148139.4375
1303,247065.171875
1304,144838.03125
1305,178725.328125
1306,203199.875
1307,220812.65625
1308,213016.65625
1309,177366.203125
1310,181807.53125
1311,158446.015625
1312,154974.765625
1313,176626.59375
1314,156682.9375
1315,145738
1316,219217.546875
1317,194364.75
1318,128190.609375
1319,172917.765625
1320,119276.8671875
1321,138961.859375
1322,174273
1323,197567.46875
1324,184049.4375
1325,155336.890625
1326,133091.34375
1327,104345.15625
1328,154465.875
1329,155771.5625
1330,95203.0625
1331,170412.71875
1332,170402.8125
1333,186730.828125
1334,173786.46875
1335,149295.5
1336,150604.6875
1337,198303.71875
1338,216488.765625
1339,137857.453125
1340,152954.515625
1341,243989.125
1342,154840.171875
1343,162359.28125
1344,251189.984375
1345,138332.578125
1346,146858.890625
1347,126851.625
1348,131314.984375
1349,167961.765625
1350,141301.859375
1351,184221.828125
1352,159917.890625
1353,194597.140625
1354,136672.9375
1355,146312.875
1356,198594.234375
1357,197841.265625
1358,154462.40625
1359,134881.40625
1360,137464.5625
1361,202002.046875
1362,137403.578125
1363,126548.890625
1364,163571.046875
1365,176984.59375
1366,185506.46875
1367,193774.40625
1368,147515.78125
1369,178101.515625
1370,216407.375
1371,174534.65625
1372,207789.046875
1373,202139.734375
1374,170987.53125
1375,167564.171875
1376,187223.4375
1377,155258.640625
1378,183917.4375
1379,186915.03125
1380,145847.78125
1381,140040.515625
1382,132048.21875
1383,212642.359375
1384,131923.3125
1385,148873.65625
1386,151579.765625
1387,167415.34375
1388,134140.765625
1389,195796.625
1390,164251.140625
1391,154855.328125
1392,156649.234375
1393,136357.078125
1394,142545.234375
1395,168908.90625
1396,148826.171875
1397,171386.953125
1398,164605.765625
1399,134606.234375
1400,167202.703125
1401,141814.09375
1402,202855.15625
1403,168885.53125
1404,275834.5625
1405,218790.90625
1406,141395.90625
1407,148070.59375
1408,179035.046875
1409,216391.5
1410,132309.671875
1411,124722
1412,121973.3046875
1413,213061.203125
1414,180371.375
1415,201049.265625
1416,191087.984375
1417,135022.984375
1418,127716.171875
1419,166980.796875
1420,150024.375
1421,155867.765625
1422,184040.71875
1423,168056.0625
1424,141643.859375
1425,245040.6875
1426,137043.1875
1427,234308.640625
1428,154132.640625
1429,187350.578125
1430,167624.3125
1431,136124.75
1432,140386.21875
1433,141386.9375
1434,176365.5625
1435,165099.046875
1436,163039.875
1437,233951.703125
1438,211879
1439,214008.390625
1440,184374.484375
1441,106987.046875
1442,235357.515625
1443,119785.9453125
1444,222789.75
1445,190624.390625
1446,190766.015625
1447,172840.296875
1448,176498.578125
1449,200134.90625
1450,196589.421875
1451,173586.890625
1452,164004
1453,158537.09375
1454,111702.890625
1455,172000.15625
1456,150432.625
1457,114467.984375
1458,131318.640625
1459,162933.921875
1460,169095.109375
1461,164500.84375
1462,169833.609375
1463,150298.71875
1464,219922.765625
1465,154085.96875
1466,164837.875
1467,138155.203125
1468,157645.046875
1469,104406.7578125
1470,165562.84375
1471,135754.234375
1472,148580.390625
1473,204339.375
1474,137440.296875
1475,166539.046875
1476,237692.03125
1477,151393.078125
1478,142219.59375
1479,138350.4375
1480,154892.8125
1481,202598.453125
1482,152544.4375
1483,170243.921875
1484,135809.953125
1485,128126.1640625
1486,146629.765625
1487,143123.859375
1488,204811.6875
1489,148176.921875
1490,165600.171875
1491,124205.9140625
1492,171498.390625
1493,188821.328125
1494,202292.78125
1495,201141.28125
1496,158851.421875
1497,116718.4765625
1498,118737.8359375
1499,170172.109375
1500,147575.859375
1501,153050
1502,135661.046875
1503,209017.109375
1504,166549.71875
1505,168212.671875
1506,258295.828125
1507,153500.75
1508,196355.484375
1509,149129.328125
1510,185581.890625
1511,204411.78125
1512,212785.71875
1513,165792.09375
1514,271857.5
1515,132761.765625
1516,152974.21875
1517,179706.765625
1518,133080.0625
1519,162329.28125
1520,168601.5625
1521,109688.8984375
1522,277367.8125
1523,167124.859375
1524,205158.171875
1525,146095.359375
1526,214312.65625
1527,159775.875
1528,177253.921875
1529,154673.125
1530,196417.3125
1531,161482.875
1532,202013.171875
1533,111990.46875
1534,155192.21875
1535,158810.3125
1536,291024.125
1537,166751.0625
1538,175583.25
1539,119246.21875
1540,162663.78125
1541,128869.015625
1542,185398.71875
1543,176158.59375
1544,268116.4375
1545,199236.46875
1546,177968.953125
1547,191604.28125
1548,211650.6875
1549,167949.28125
1550,235686
1551,184817.40625
1552,128662.46875
1553,141664.09375
1554,146220.3125
1555,152320.875
1556,152251.03125
1557,287826.59375
1558,164228.40625
1559,374368.03125
1560,187343.65625
1561,159544.125
1562,164905.203125
1563,115525.4453125
1564,178122.84375
1565,169772.28125
1566,194404.875
1567,173683.46875
1568,107770.03125
1569,141801.625
1570,172431.171875
1571,228533.953125
1572,193855.859375
1573,194742.75
1574,206377.125
1575,149911.109375
1576,174176.890625
1577,162406.796875
1578,164511.53125
1579,133798.296875
1580,163649.953125
1581,232668.125
1582,236370.65625
1583,178837.5625
1584,174373.15625
1585,164628.34375
1586,184360.9375
1587,96439.0234375
1588,232821.796875
1589,207603.65625
1590,197454.125
1591,143960.453125
1592,207002.109375
1593,151518.671875
1594,188970
1595,142880.03125
1596,101400.8515625
1597,120873.875
1598,161842.703125
1599,212139.78125
1600,155787.40625
1601,289965.625
1602,161176.9375
1603,182226.921875
1604,129487.2421875
1605,238217.828125
1606,144793.984375
1607,138432.75
1608,162129.3125
1609,190900.15625
1610,201457.890625
1611,150380.640625
1612,239407.046875
1613,133440.734375
1614,107113.84375
1615,204275.421875
1616,198293.328125
1617,174870.015625
1618,190543.90625
1619,164819.234375
1620,193534.234375
1621,176169.46875
1622,172246.375
1623,109495.5703125
1624,160525.453125
1625,168053.640625
1626,261918.640625
1627,157160.78125
1628,158027.375
1629,148286.265625
1630,199515.421875
1631,174853.453125
1632,185189.96875
1633,151137.34375
1634,146276.234375
1635,207195.8125
1636,180598.859375
1637,260611.1875
1638,177572.640625
1639,177338.8125
1640,147368.78125
1641,160720.203125
1642,177208.28125
1643,195433.96875
1644,159571.578125
1645,138690.203125
1646,135311.375
1647,109882.0859375
1648,240717.953125
1649,142946.140625
1650,171533.953125
1651,142545.046875
1652,184409.078125
1653,204966.1875
1654,134527.171875
1655,147569.75
1656,228169.9375
1657,214777.890625
1658,216270.71875
1659,141206.9375
1660,186536.09375
1661,219811.8125
1662,244713.921875
1663,144890.984375
1664,139245.625
1665,185029.921875
1666,114231.0859375
1667,234642.9375
1668,130386.5703125
1669,163495.703125
1670,209249.265625
1671,184781.515625
1672,249191.515625
1673,164259.59375
1674,178430.359375
1675,147227.328125
1676,329087.78125
1677,124829.640625
1678,134917.328125
1679,140878.625
1680,145772.546875
1681,125285.0546875
1682,151458.703125
1683,149251
1684,176510.53125
1685,127582.875
1686,173546.703125
1687,156856.796875
1688,204944.109375
1689,268863.9375
1690,175491.0625
1691,139118.515625
1692,190203.046875
1693,150274.09375
1694,142719.28125
1695,175669.453125
1696,164006.0625
1697,211636.59375
1698,146281.578125
1699,184655.875
1700,135433.65625
1701,149672.34375
1702,201287.96875
1703,127145.421875
1704,205254.046875
1705,150132.125
1706,247526
1707,171064.96875
1708,132487.328125
1709,173597.15625
1710,176725.03125
1711,155463.734375
1712,157143.6875
1713,153725.3125
1714,218220.78125
1715,185241.28125
1716,109156.359375
1717,177532.5625
1718,134555.1875
1719,190535.046875
1720,178745.28125
1721,214950.109375
1722,187287.28125
1723,150216.40625
1724,189059.71875
1725,133524.6875
1726,158876.765625
1727,211494.65625
1728,168070.90625
1729,137386.515625
1730,277026.15625
1731,137334.046875
1732,127422.40625
1733,251055.953125
1734,259502.40625
1735,181610.984375
1736,223216.15625
1737,204374.46875
1738,209124.9375
1739,123605.71875
1740,200162.796875
1741,191233.796875
1742,126215.484375
1743,152088.6875
1744,190897.1875
1745,150487.09375
1746,173104.796875
1747,120483.8125
1748,145120.90625
1749,161557.34375
1750,162113.4375
1751,131259.96875
1752,189348.21875
1753,147287.46875
1754,208263.5625
1755,147778.84375
1756,206478.6875
1757,153177.328125
1758,237854.59375
1759,222798.125
1760,262234.75
1761,138125.34375
1762,154756.125
1763,166027.46875
1764,136917.5
1765,170070
1766,291926.59375
1767,232297.75
1768,162386.9375
1769,134527.03125
1770,157712.3125
1771,169446.234375
1772,147252.328125
1773,188143.328125
1774,163428.890625
1775,206552.875
1776,168232.40625
1777,153853.890625
1778,165650.515625
1779,194602.171875
1780,147574.453125
1781,144654.046875
1782,162064.6875
1783,169591.859375
1784,213714.171875
1785,202455.46875
1786,171833.234375
1787,178378.9375
1788,184257.453125
1789,147591.640625
1790,224848.796875
1791,101733.0703125
1792,137758.046875
1793,161099.171875
1794,221005.6875
1795,187923.96875
1796,236013.265625
1797,210810.171875
1798,239683.296875
1799,190731.703125
1800,179767.953125
1801,136354.765625
1802,256971.296875
1803,140623.9375
1804,234964.515625
1805,144710.859375
1806,201283.296875
1807,218255.953125
1808,137452.90625
1809,197961.921875
1810,134456.671875
1811,176467.296875
1812,155041.546875
1813,144156.171875
1814,121994.3125
1815,173412.3125
1816,158614.953125
1817,157893.84375
1818,179799.703125
1819,124532.953125
1820,145690.65625
1821,142372.40625
1822,169917.671875
1823,173376.875
1824,160055.6875
1825,150743.65625
1826,217752.484375
1827,152236.59375
1828,206441.484375
1829,126402.6953125
1830,207958.09375
1831,132939.046875
1832,169713.953125
1833,145969.21875
1834,181412.1875
1835,118975.6171875
1836,147690.890625
1837,154152.4375
1838,177632.84375
1839,132154.921875
1840,214723.28125
1841,221734.828125
1842,163119.015625
1843,128301.796875
1844,172721.828125
1845,140325.515625
1846,221087.671875
1847,174942.59375
1848,196714.375
1849,151732.0625
1850,183210.1875
1851,162971.546875
1852,194438.25
1853,162133.0625
1854,212821.484375
1855,262046.796875
1856,202750.6875
1857,119783.34375
1858,214550.296875
1859,186410.203125
1860,188922.40625
1861,236475.671875
1862,122165.5078125
1863,208016.546875
1864,140533.90625
1865,115731.6015625
1866,179355.46875
1867,129661.390625
1868,141406.703125
1869,252613.21875
1870,175898.6875
1871,146351.90625
1872,160898.390625
1873,183018.546875
1874,138860.5
1875,141845.3125
1876,136393.8125
1877,149799.828125
1878,157231.375
1879,207731.671875
1880,244238.484375
1881,190544.625
1882,136796.8125
1883,183924.828125
1884,253881.59375
1885,141377.953125
1886,171656.390625
1887,198577.296875
1888,219322.796875
1889,182174.03125
1890,171536.515625
1891,112893.7890625
1892,126923.5
1893,181977.328125
1894,115154.7421875
1895,185226.1875
1896,171838.859375
1897,147083.046875
1898,169118.53125
1899,151828.953125
1900,121748.09375
1901,143256.53125
1902,197368.34375
1903,174034.78125
1904,163790.09375
1905,171207.125
1906,206266.5625
1907,159727.171875
1908,179836.921875
1909,182228.859375
1910,274756.96875
1911,228321.859375
1912,106677.5
1913,137806.96875
1914,186502.71875
1915,148447.625
1916,244137.03125
1917,126105.1171875
1918,122290.65625
1919,163521.671875
1920,166941.109375
1921,179456.25
1922,156630.09375
1923,150334.015625
1924,199091.65625
1925,187092.609375
1926,126646.7109375
1927,201970.0625
1928,183876.40625
1929,214663.359375
1930,244973.8125
1931,186169.359375
1932,168827.625
1933,161153.96875
1934,183727.4375
1935,156483.265625
1936,199697.59375
1937,192468.359375
1938,138162.3125
1939,100321.234375
1940,202215.046875
1941,159999.796875
1942,180518.0625
1943,172292.828125
1944,164208
1945,150079.78125
1946,169490.03125
1947,218892.6875
1948,145769.75
1949,265407
1950,193603.578125
1951,282462.34375
1952,120120.9453125
1953,229379.875
1954,234979.5
1955,131067.3359375
1956,173408.90625
1957,121749.90625
1958,187842.15625
1959,179537.96875
1960,177732.125
1961,198573.140625
1962,187081.609375
1963,208029.390625
1964,171880.140625
1965,146869.15625
1966,143195.4375
1967,189378.609375
1968,134065.03125
1969,191154.84375
1970,199671.0625
1971,145848.734375
1972,179914.40625
1973,142986.1875
1974,145494.171875
1975,301902.375
1976,203897.796875
1977,88553.03125
1978,197218.609375
1979,142446.28125
1980,187745
1981,294776.84375
1982,83154.9609375
1983,112664.28125
1984,117280.4140625
1985,197860.875
1986,175275.5625
1987,197775.671875
1988,194262.953125
1989,159519.109375
1990,217445.09375
1991,171171.46875
1992,111564.2578125
1993,218762.234375
1994,210119.546875
1995,147275.375
1996,180367.671875
1997,181263.71875
1998,150345.984375
1999,268550.71875
2000,188423.546875
2001,163409.40625
2002,115440.0859375
2003,96816.125
2004,161282.65625
2005,148722.078125
2006,150047.296875
2007,201878.640625
2008,130741.28125
2009,179110.3125
2010,167106.9375
2011,156247.5
2012,171673.921875
2013,183347.375
2014,277330.3125
2015,195466.53125
2016,111864.21875
2017,174369.09375
2018,199101.96875
2019,111432.1171875
2020,171579
2021,134176.859375
2022,180221.515625
2023,172055.34375
2024,220421.5625
2025,203290.28125
2026,202291.828125
2027,150952.53125
2028,170612.625
2029,152227.9375
2030,166527.15625
2031,185165.421875
2032,291709.71875
2033,151172.5625
2034,163771.5625
2035,232581
2036,142980.078125
2037,208881.734375
2038,178515.171875
2039,256502.671875
2040,228393.328125
2041,204445.40625
2042,186773.234375
2043,161030.375
2044,133171.453125
2045,281549.09375
2046,182482.328125
2047,162377.078125
2048,209313.25
2049,246792.359375
2050,240113.40625
2051,169171.796875
2052,157929.296875
2053,114764.0625
2054,149803.78125
2055,235898.390625
2056,175479.84375
2057,137223.875
2058,230264.5625
2059,221499.125
2060,168995.125
2061,179493.0625
2062,148689.328125
2063,175486.8125
2064,166375.015625
2065,161418.015625
2066,243666.203125
2067,138560.203125
2068,189309.1875
2069,185659.15625
2070,124444.15625
2071,148114.8125
2072,134330.171875
2073,223360.84375
2074,168401.328125
2075,123755.6015625
2076,173502.640625
2077,127501.6328125
2078,150623.46875
2079,176397.453125
2080,208214.296875
2081,140041.609375
2082,151169.9375
2083,192717.609375
2084,193410.25
2085,165996.625
2086,161621.203125
2087,101552.0546875
2088,195879.75
2089,132195.171875
2090,266750.4375
2091,175290.78125
2092,164063.375
2093,203862.953125
2094,154565
2095,199149.453125
2096,141644.109375
2097,277373.3125
2098,139943.328125
2099,185284.84375
2100,153825.84375
2101,124860.453125
2102,246910.40625
2103,147332.296875
2104,249915.265625
2105,170502.34375
2106,206613.203125
2107,149297.53125
2108,155952.203125
2109,149985.78125
2110,211828.703125
2111,207513.109375
2112,120396.265625
2113,168051.015625
2114,220851.828125
2115,200773.453125
2116,170861.28125
2117,185804.09375
2118,148841.296875
2119,162392.59375
2120,178199.15625
2121,150849.390625
2122,185887.5
2123,187873.234375
2124,164096.421875
2125,129768.875
2126,173204.515625
2127,148745.328125
2128,215634.703125
2129,220415.25
2130,131241.96875
2131,163342.828125
2132,144516.765625
2133,203304
2134,179171.015625
2135,166324.359375
2136,163549.359375
2137,133591.3125
2138,199311.65625
2139,181339.453125
2140,151293.546875
2141,206121.15625
2142,122639.25
2143,94853.796875
2144,171013.234375
2145,152293.25
2146,140094.234375
2147,162098.84375
2148,200329.765625
2149,198154.140625
2150,161757.5
2151,186092.71875
2152,150278.578125
2153,178807.140625
2154,151969.75
2155,214751.078125
2156,189564.859375
2157,222439.625
2158,186973.015625
2159,116501.5859375
2160,158867.609375
2161,201229.1875
2162,187451.609375
2163,187120.78125
2164,167598.921875
2165,179820.484375
2166,264002.78125
2167,132765.65625
2168,140612.5625
2169,115931.3515625
2170,141141.390625
2171,135391.421875
2172,180523.109375
2173,138083.640625
2174,195035.484375
2175,216267.390625
2176,133895.5625
2177,182861.328125
2178,149603.328125
2179,178994.046875
2180,201650.15625
2181,280292.5625
2182,205029.53125
2183,188906.09375
2184,219473.28125
2185,142880.671875
2186,188463.671875
2187,132579.671875
2188,142841.21875
2189,160337.734375
2190,194565.0625
2191,145298.71875
2192,168935.609375
2193,158156.71875
2194,167659.984375
2195,177701.28125
2196,211229.5625
2197,170949.671875
2198,145854.609375
2199,174585.640625
2200,143735.609375
2201,168937.59375
2202,108029.65625
2203,204293.34375
2204,141984.875
2205,139971.484375
2206,113667.890625
2207,240335.765625
2208,158501.34375
2209,133719.265625
2210,262638.09375
2211,180115.921875
2212,171167.296875
2213,220291.546875
2214,213845.59375
2215,163134.640625
2216,130127.921875
2217,126837.03125
2218,156457.4375
2219,127005.734375
2220,173748.515625
2221,145851.515625
2222,192662.15625
2223,229759.0625
2224,152714.671875
2225,281337.28125
2226,191204.359375
2227,140221.34375
2228,223202.828125
2229,106464.9765625
2230,167731.828125
2231,247022.046875
2232,151899.578125
2233,187067.015625
2234,208325.140625
2235,122863.9921875
2236,158429.78125
2237,140175.75
2238,115193.4921875
2239,131682.875
2240,189312.3125
2241,196664.15625
2242,169716.75
2243,165686.765625
2244,189280.890625
2245,219252.390625
2246,147645.53125
2247,191144.625
2248,126868.9453125
2249,142423.390625
2250,153494.96875
2251,166827.203125
2252,187291.875
2253,146483.203125
2254,158006.828125
2255,135487.171875
2256,201344.671875
2257,143010.375
2258,208129.859375
2259,173717.734375
2260,129932.0390625
2261,181218.53125
2262,152761.203125
2263,186735.296875
2264,179243.15625
2265,232221.15625
2266,172144.546875
2267,186544.265625
2268,278228.96875
2269,212654.015625
2270,133784.40625
2271,238036.15625
2272,177477.71875
2273,157852.140625
2274,159745.671875
2275,168315
2276,130309.28125
2277,146081.359375
2278,174147.046875
2279,107196.0859375
2280,113098.296875
2281,168191.734375
2282,104751.3046875
2283,187731
2284,143995.75
2285,227456.609375
2286,205310.328125
2287,137567.765625
2288,191087.71875
2289,209001.28125
2290,218466.703125
2291,110964.5546875
2292,164751.640625
2293,169572.75
2294,132914.1875
2295,153873.9375
2296,171059.640625
2297,205278.984375
2298,196023.875
2299,139741.03125
2300,159045.71875
2301,165082.328125
2302,226681.296875
2303,142705.453125
2304,143008.921875
2305,217203.09375
2306,159914.890625
2307,148043.859375
2308,157172.6875
2309,218870.6875
2310,121572.4765625
2311,208799.78125
2312,259766.671875
2313,143240.75
2314,175243.65625
2315,129619.6015625
2316,173822.71875
2317,159591.5
2318,216104.953125
2319,168982.515625
2320,264850.09375
2321,175711.625
2322,124155.3125
2323,136448
2324,204116.375
2325,180049.625
2326,208913.484375
2327,178241.890625
2328,163807.921875
2329,156996.875
2330,194497.421875
2331,197638.859375
2332,195143.859375
2333,276791.5625
2334,174181.28125
2335,235120.296875
2336,124987.8125
2337,193156.6875
2338,114134
2339,162550.109375
2340,157325.34375
2341,173453.75
2342,180128.25
2343,203514.765625
2344,148124.5
2345,155887.5
2346,238294.015625
2347,110064.34375
2348,151995.1875
2349,154999.921875
2350,207503.046875
2351,126711.8671875
2352,119083.7265625
2353,177652.953125
2354,132874.328125
2355,173006.796875
2356,203304.96875
2357,205425.109375
2358,199843.390625
2359,148639.515625
2360,178428.4375
2361,160337.78125
2362,96629.84375
2363,212349.71875
2364,243629.34375
2365,132839.875
2366,213175.265625
2367,134983.828125
2368,185780
2369,162573.046875
2370,213237.5
2371,144955.46875
2372,293142.71875
2373,224630.671875
2374,166248.859375
2375,132102.25
2376,162703.125
2377,139362.578125
2378,167927.53125
2379,245887.5625
2380,200703.390625
2381,203016.765625
2382,180416.75
2383,214293.25
2384,280460.40625
2385,148696.65625
2386,174285.1875
2387,164629.453125
2388,154192.578125
2389,216493.734375
2390,151836.40625
2391,159128.25
2392,153807.09375
2393,133701.546875
2394,189313.28125
2395,117685.8046875
2396,227988.40625
2397,238675.765625
2398,207539.859375
2399,114007.3359375
2400,166547.578125
2401,143552.25
2402,94143.6171875
2403,187972.640625
2404,149180.765625
2405,165288.078125
2406,148077.640625
2407,255585.546875
2408,202002.15625
2409,149287.46875
2410,201877.515625
2411,189221.546875
2412,133448.1875
2413,302801.78125
2414,176117.734375
2415,175996.984375
2416,224843.0625
2417,189370.796875
2418,167841.328125
2419,178814.453125
2420,174071.3125
2421,259790.171875
2422,161068.546875
2423,209443.25
2424,194844.1875
2425,198778.34375
2426,229201.53125
2427,180876.546875
2428,202061.984375
2429,175903.640625
2430,158141.84375
2431,180532.546875
2432,164663.109375
2433,200341.125
2434,220246.421875
2435,177826.546875
2436,249716.109375
2437,157397.03125
2438,185580.53125
2439,191901.421875
2440,146981.25
2441,193840.375
2442,148949.90625
2443,160341.015625
2444,196930.96875
2445,170757.34375
2446,149284.421875
2447,126133.2109375
2448,181561.484375
2449,125766.71875
2450,223418.59375
2451,188573.265625
2452,158080.5625
2453,159571.046875
2454,179367.578125
2455,178105.765625
2456,165669.9375
2457,135796.171875
2458,187827.609375
2459,162985.171875
2460,121648.921875
2461,161321.28125
2462,185193.96875
2463,139689.46875
2464,194092
2465,139983.4375
2466,181068.796875
2467,156714.734375
2468,190660.265625
2469,225135.734375
2470,158118.65625
2471,181642.171875
2472,181928.484375
2473,242521.875
2474,198569.5
2475,155057.15625
2476,158298.28125
2477,199366.28125
2478,146794.890625
2479,141763.671875
2480,242257.71875
2481,237803.859375
2482,171047.296875
2483,128200.15625
2484,145913.875
2485,127040.8203125
2486,137332.296875
2487,139041.703125
2488,204204.3125
2489,169501.15625
2490,275886.21875
2491,237121.375
2492,178179.734375
2493,143919.234375
2494,165594.25
2495,171165.46875
2496,152495.71875
2497,148409.625
2498,212907.953125
2499,223667
2500,208054.4375
2501,248168.90625
2502,192028.890625
2503,264566.09375
2504,155683.828125
2505,172128.78125
2506,164175.234375
2507,173940.03125
2508,161630.1875
2509,214497.28125
2510,243884.609375
2511,187776.03125
2512,132909.59375
2513,144362.015625
2514,138611.609375
2515,211789.96875
2516,225790.140625
2517,127999.796875
2518,200400.5625
2519,127427.5078125
2520,129216.328125
2521,195572.96875
2522,236775.265625
2523,178861.703125
2524,155207.109375
2525,200382.109375
2526,123965.40625
2527,194565.34375
2528,214466.625
2529,135586.53125
2530,185341.34375
2531,152367.671875
2532,168251.375
2533,165258.1875
2534,136194.4375
2535,118428.3125
2536,187756.671875
2537,178426.34375
2538,127269.640625
2539,135854.75
2540,202780.6875
2541,120023.6171875
2542,233147.546875
2543,150305.5
2544,181266.65625
2545,270550.75
2546,151980.03125
2547,177321.125
2548,141527.15625
2549,166207.109375
2550,141565.703125
2551,126992.2578125
2552,151444.53125
2553,166431.9375
2554,131230.59375
2555,167980.75
2556,124593.9375
2557,159946.15625
2558,129585.703125
2559,133235.34375
2560,147493.90625
2561,206743.078125
2562,229131.015625
2563,124231.8671875
2564,234271.3125
2565,159344.09375
2566,130858.34375
2567,107246.4609375
2568,160147.265625
2569,185982.515625
2570,136950.75
2571,124258.390625
2572,165497.40625
2573,160962.03125
2574,162252.765625
2575,203515.078125
2576,151452.625
2577,131465.34375
2578,134323.71875
2579,252358.984375
2580,197882.296875
2581,123340.9609375
2582,142390.484375
2583,142238.109375
2584,120960.109375
2585,198370.734375
2586,120463.875
2587,199583.15625
2588,206060.640625
2589,173182.78125
2590,122730.3203125
2591,193677.875
2592,185451.453125
2593,172948.453125
2594,139626.71875
2595,231657.828125
2596,271592.84375
2597,152070.046875
2598,159148.234375
2599,140594.390625
2600,159196.875
2601,165700.96875
2602,131956.53125
2603,249761.234375
2604,179095.578125
2605,136592.40625
2606,135659.875
2607,132822.546875
2608,141389.59375
2609,193787.765625
2610,213371.484375
2611,145580.984375
2612,177344.921875
2613,145839.578125
2614,185039.5625
2615,177528.421875
2616,220557.859375
2617,175222.671875
2618,147957.5
2619,179158.578125
2620,147723.59375
2621,155291.203125
2622,172259.265625
2623,168912.25
2624,174244.078125
2625,196299.921875
2626,147728.703125
2627,140265.734375
2628,143404.65625
2629,247638.109375
2630,123340.59375
2631,198273.953125
2632,171577.953125
2633,139769.078125
2634,123060.8984375
2635,170669.921875
2636,169741.671875
2637,116501.3984375
2638,193526.03125
2639,105505.4765625
2640,193221.5
2641,203074.5625
2642,181557.96875
2643,177482.359375
2644,205777.859375
2645,164732
2646,205939.125
2647,210728.78125
2648,154035.984375
2649,169192.578125
2650,180660.15625
2651,190814.65625
2652,147378.5625
2653,122337.5078125
2654,140668.859375
2655,131214.96875
2656,117563.25
2657,159331.609375
2658,222833.703125
2659,210819.828125
2660,117122.265625
2661,124849.7890625
2662,206641.578125
2663,145169.59375
2664,156881.46875
2665,144666.53125
2666,189302.984375
2667,198156.015625
2668,193499.1875
2669,99261.625
2670,180289.84375
2671,128828.890625
2672,183638.171875
2673,149518.515625
2674,171531.578125
2675,149398.203125
2676,224780.546875
2677,157200.59375
2678,132713.734375
2679,220898.6875
2680,172944.734375
2681,171918.4375
2682,118057.7109375
2683,183702.6875
2684,210555.90625
2685,277437.21875
2686,194790.734375
2687,156686.796875
2688,181477.53125
2689,150884.078125
2690,161966.03125
2691,294736.21875
2692,161290.734375
2693,137015.46875
2694,239182.921875
2695,119012.3828125
2696,143322.671875
2697,200274.890625
2698,141603.15625
2699,129077.296875
2700,159479.71875
2701,153854.8125
2702,160350.109375
2703,168945.40625
2704,200591.78125
2705,124009.8359375
2706,155798.484375
2707,156445.140625
2708,210821.734375
2709,189381
2710,280898.25
2711,174775.703125
2712,181058.453125
2713,192370.296875
2714,178024.1875
2715,152467.90625
2716,164543.1875
2717,186880.875
2718,174387.46875
2719,118569.2578125
2720,167285.5625
2721,175731.03125
2722,193377.125
2723,171277.453125
2724,167776.78125
2725,172285.09375
2726,138942.8125
2727,124778.1953125
2728,213333.015625
2729,130320.484375
2730,217861.953125
2731,156117.625
2732,178602.4375
2733,194606.8125
2734,166227.953125
2735,134889.984375
2736,173670.421875
2737,166349.5625
2738,190679.796875
2739,174208.6875
2740,122618.6640625
2741,194676.75
2742,190678.359375
2743,161268.453125
2744,193330.453125
2745,195114.421875
2746,218987.609375
2747,138030.1875
2748,124135.40625
2749,240035.21875
2750,250971.984375
2751,176567.5
2752,163427.53125
2753,203835.0625
2754,164788.046875
2755,288329.90625
2756,153585.875
2757,199777.453125
2758,249636.109375
2759,103694.6640625
2760,130157.7578125
2761,131055.9609375
2762,204006.734375
2763,205042.453125
2764,115860.8203125
2765,171918.734375
2766,158924.359375
2767,188909
2768,171392.65625
2769,180946.578125
2770,145858.421875
2771,194832.828125
2772,183339.875
2773,139326.78125
2774,180208.109375
2775,149597.53125
2776,150702.53125
2777,186711.15625
2778,168062.421875
2779,178836.140625
2780,149941.28125
2781,129724.5390625
2782,188950.515625
2783,198340.359375
2784,196446.25
2785,233456.390625
2786,171460.96875
2787,164734.140625
2788,169541.03125
2789,175805.828125
2790,187266.359375
2791,152627.8125
2792,136580.109375
2793,168888.640625
2794,197809.65625
2795,170531.109375
2796,182505.421875
2797,146242.828125
2798,122715.7421875
2799,241110.765625
2800,157726.921875
2801,164001.03125
2802,163945.453125
2803,182974.78125
2804,150038.90625
2805,197622.921875
2806,165124.0625
2807,177283.59375
2808,197650
2809,199166.484375
2810,271454.84375
2811,162412.65625
2812,159146.25
2813,202428.921875
2814,128401.2890625
2815,136909.40625
2816,220487.625
2817,126508.484375
2818,174957.171875
2819,187483.34375
2820,155808.859375
2821,171512.796875
2822,272389.03125
2823,172372.109375
2824,201249.5
2825,199529.171875
2826,234185.0625
2827,175812.484375
2828,134699
2829,307543.21875
2830,273778.34375
2831,173009.15625
2832,200101.515625
2833,197540.765625
2834,193050.578125
2835,160228.375
2836,186995.734375
2837,136836.1875
2838,182397.984375
2839,164223.40625
2840,248685.375
2841,175865.78125
2842,201894.71875
2843,171341.4375
2844,141842.796875
2845,182009.65625
2846,216305.515625
2847,148138.90625
2848,192833.921875
2849,147447.078125
2850,159026.640625
2851,194604.0625
2852,245090.171875
2853,195492.796875
2854,265625.9375
2855,203578.8125
2856,196741.515625
2857,137265.8125
2858,158932.59375
2859,172753.21875
2860,136277.109375
2861,171206.578125
2862,173717.09375
2863,158782.21875
2864,166925.328125
2865,160780.84375
2866,126278.5625
2867,159703.859375
2868,189697.34375
2869,171552.28125
2870,178666.171875
2871,135762.65625
2872,157352.484375
2873,135809.109375
2874,167273.546875
2875,175509.234375
2876,223651.1875
2877,179384.53125
2878,183578.53125
2879,157328.546875
2880,153041.96875
2881,167829.5
2882,168891.71875
2883,176528.59375
2884,152344.953125
2885,106843.9921875
2886,216613.140625
2887,179197.734375
2888,207758.421875
2889,224628.890625
2890,143362.703125
2891,139809.078125
2892,128307.8828125
2893,140220.5
2894,193320.25
2895,114814.65625
2896,103575.296875
2897,159219.265625
2898,178573.515625
2899,149104.984375
2900,159181.96875
2901,109637.9765625
2902,260521.890625
2903,99884.453125
2904,161085.609375
2905,157443.015625
2906,253340.140625
2907,142133.046875
2908,156426.84375
2909,187006.734375
2910,271222.96875
2911,148306.015625
2912,110733.421875
2913,171418.703125
2914,247830.03125
2915,181462.328125
2916,131945.078125
2917,143990.71875
2918,225181.9375
2919,203237.375
2920,169958.859375
2921,131596.34375
2922,173778.4375
2923,134731.828125
2924,108519.828125
2925,219297.65625
2926,161765.734375
2927,127112.609375
2928,172551.796875
2929,187915.515625
2930,132201.265625
2931,134005.265625
2932,150816
2933,255525.828125
2934,183554.375
2935,182380.25
2936,169277.234375
2937,116881.1640625
2938,226254.59375
2939,314693.21875
2940,204235.25
2941,155188.765625
2942,217011.5
2943,241024.578125
2944,226865.28125
2945,256570.5625
2946,243816.796875
2947,153010.265625
2948,150609.375
2949,183071.984375
2950,191305.421875
2951,115159.8046875
2952,149851.25
2953,181289.25
2954,138540.3125
2955,169418.796875
2956,132250.4375
2957,222288.9375
2958,162643.875
2959,243831.34375
2960,167794.328125
2961,183879.671875
2962,165393.46875
2963,185467.78125
2964,136606.53125
2965,187220.90625
2966,133413.015625
2967,141446.5625
2968,188299.34375
2969,162127.609375
2970,173933.765625
2971,174779.359375
2972,263809.1875
2973,148873.78125
2974,260241.03125
2975,115532.96875
2976,167368.71875
2977,130047.1640625
2978,145568.921875
2979,133669.921875
2980,160519.359375
2981,201781.421875
2982,124339.4453125
2983,191560.546875
2984,295761.4375
2985,158767.109375
2986,160280.859375
2987,160382.5625
2988,157674.609375
2989,197889.875
2990,280992.40625
2991,141721.609375
2992,191489.046875
2993,130086.859375
2994,130421.046875
2995,285312.59375
2996,166590.0625
2997,153942.515625
2998,232022.65625
2999,179571.28125
3000,149835.953125
3001,205204.828125
3002,148574.484375
3003,160746.671875
3004,315027.125
3005,183536.484375
3006,145084.546875
3007,141802.1875
3008,188712.234375
3009,196389.734375
3010,131926.640625
3011,130888.9140625
3012,196435.03125
3013,208602.140625
3014,131140.515625
3015,132035.015625
3016,150608.71875
3017,228606.296875
3018,168787.3125
3019,236112.921875
3020,172183.96875
3021,108892.78125
3022,107892.28125
3023,130101.046875
3024,116128.9921875
3025,152913.859375
3026,177046.78125
3027,180259.75
3028,151173.28125
3029,157926.875
3030,174187.453125
3031,165480.3125
3032,149584.734375
3033,142335.15625
3034,256200.046875
3035,177314.78125
3036,162592.09375
3037,182406.796875
3038,176436.4375
3039,165986.96875
3040,158415.65625
3041,176342.703125
3042,181358.65625
3043,168084.109375
3044,146904.078125
3045,194619.390625
3046,204639.21875
3047,171586.84375
3048,212624.03125
3049,204616.640625
3050,191081.75
3051,186551.390625
3052,191791.90625
3053,130644.9375
3054,132031.65625
3055,152248
3056,110930.0234375
3057,198102.296875
3058,182342.140625
3059,158227.109375
3060,159833.921875
3061,269890.21875
3062,153639.375
3063,154817.578125
3064,204174.890625
3065,137459.53125
3066,164589.21875
3067,181261.375
3068,187099.1875
3069,134844.46875
3070,171562.53125
3071,169551.71875
3072,134779.84375
3073,156973.546875
3074,191343.875
3075,226166.484375
3076,288424.71875
3077,200401.40625
3078,205461.84375
3079,142253.859375
3080,180201.953125
3081,208219.15625
3082,166710.109375
3083,133767.796875
3084,199944.8125
3085,183820.953125
3086,149554.046875
3087,184636.234375
3088,121933.6484375
3089,203505.265625
3090,188347.53125
3091,154848.71875
3092,161600.890625
3093,136821.265625
3094,167921.359375
3095,116966.171875
3096,213357.578125
3097,188958.203125
3098,180517.109375
3099,143251.90625
3100,137314.046875
3101,142277.671875
3102,145541.234375
3103,152310.453125
3104,140550.96875
3105,166842.859375
3106,164262.9375
3107,136592.921875
3108,192087.359375
3109,127484.5390625
3110,151139.625
3111,260736.9375
3112,222445.09375
3113,186513.890625
3114,142678.453125
3115,158201.71875
3116,213514.90625
3117,207262.5625
3118,175662.328125
3119,168634.296875
3120,195254.390625
3121,157010.84375
3122,117183.34375
3123,180820.109375
3124,179639.59375
3125,170291.125
3126,249647.671875
3127,184762.578125
3128,179434.078125
3129,262885.375
3130,152045.984375
3131,144486.765625
3132,279683.28125
3133,124398.0703125
3134,215883.578125
3135,216040.390625
3136,168416.03125
3137,174088.265625
3138,162017.640625
3139,161026.203125
3140,236169.859375
3141,135197.625
3142,170222.1875
3143,169300.65625
3144,165789.65625
3145,150318.625
3146,176910.296875
3147,164200.984375
3148,147330.296875
3149,168125.859375
3150,198234.21875
3151,163460.53125
3152,230798.609375
3153,175977.828125
3154,243800.859375
3155,139808.59375
3156,171969.984375
3157,162299.515625
3158,155591.265625
3159,145213.421875
3160,180801.359375
3161,141348.890625
3162,138901.203125
3163,188718.421875
3164,114237.5390625
3165,148159.578125
3166,174666.359375
3167,162215.453125
3168,196377.90625
3169,146255.96875
3170,192395.609375
3171,153448.5
3172,174613.0625
3173,173770.671875
3174,138252.96875
3175,214572.203125
3176,195936.328125
3177,170809.78125
3178,123470.9765625
3179,180418.984375
3180,183356.53125
3181,138846.171875
3182,185336.125
3183,176925.515625
3184,181399.703125
3185,183186.3125
3186,161893.828125
3187,177099.671875
3188,155046.171875
3189,174299.375
3190,139176.1875
3191,189416.328125
3192,194838.828125
3193,163103.46875
3194,168856.046875
3195,115372.859375
3196,229777.6875
3197,204242.65625
3198,161226.09375
3199,190683.6875
3200,186980.40625
3201,118040.296875
3202,188783
3203,207247.421875
3204,197077.8125
3205,192669.0625
3206,203200.125
3207,265649.375
3208,159469.296875
3209,182165.265625
3210,148100.796875
3211,312847.34375
3212,222586.515625
3213,164640
3214,114051.0859375
3215,174991.625
3216,197584.1875
3217,172701.828125
3218,198865.203125
3219,279565.875
3220,154753.46875
3221,135619.625
3222,193187.65625
3223,192653.4375
3224,179564.546875
3225,214044.875
3226,148361.265625
3227,159726.140625
3228,120866.9140625
3229,219346.6875
3230,193438.453125
3231,227711.78125
3232,166417.671875
3233,160080.21875
3234,213760.625
3235,139651.515625
3236,190691.359375
3237,163665.40625
3238,174261.0625
3239,169425.640625
3240,140299.125
3241,170380.984375
3242,155752.375
3243,167084.546875
3244,237982.8125
3245,105852.265625
3246,144519.234375
3247,140858.109375
3248,218712.546875
3249,235286.953125
3250,120990.359375
3251,147267.3125
3252,164983.046875
3253,141108.40625
3254,277360.03125
3255,134537.5
3256,218245.28125
3257,251272.734375
3258,204381.59375
3259,113711.6640625
3260,164564.953125
3261,144386.015625
3262,157938.140625
3263,158024.46875
3264,140450.09375
3265,159910.390625
3266,163775.59375
3267,153955.5
3268,165784.609375
3269,167252.71875
3270,123723.5546875
3271,141861.671875
3272,180223.9375
3273,112422.7578125
3274,134727.78125
3275,209384.6875
3276,163215.640625
3277,149193.015625
3278,195379.90625
3279,162751.609375
3280,169230.75
3281,176420.078125
3282,261668.4375
3283,160678.90625
3284,153892.65625
3285,138803.546875
3286,159609.84375
3287,145775.21875
3288,157200.1875
3289,160982.890625
3290,188247.84375
3291,124290.4296875
3292,140161.703125
3293,220597.75
3294,205961.9375
3295,175633.34375
3296,209724.375
3297,172791.25
3298,217756.328125
3299,190087.953125
3300,215293.59375
3301,166722.078125
3302,153937.609375
3303,161600.015625
3304,190397.4375
3305,224357.4375
3306,251112.40625
3307,193899.703125
3308,113869.21875
3309,292563.90625
3310,96694.3359375
3311,143005.5625
3312,155980.640625
3313,148556.375
3314,170280.015625
3315,130834.890625
3316,138208.46875
3317,175865.171875
3318,150596.25
3319,219576.875
3320,131580.484375
3321,135179.703125
3322,153802.40625
3323,204772.921875
3324,154928.015625
3325,138626.203125
3326,182540.1875
3327,161162.484375
3328,193295.8125
3329,225194.90625
3330,227491.625
3331,211184.71875
3332,142429.125
3333,142853.046875
3334,220435.703125
3335,172693.109375
3336,301739.46875
3337,138360.578125
3338,232836.21875
3339,134131.984375
3340,168342.796875
3341,187354.6875
3342,200509.234375
3343,159269.9375
3344,174140.984375
3345,233323.875
3346,213327.59375
3347,196864.125
3348,132922.828125
3349,108804.8359375
3350,161589.140625
3351,145899.734375
3352,167419.109375
3353,133284.328125
3354,106482.671875
3355,156433.15625
3356,152143.828125
3357,144418.84375
3358,161301.171875
3359,108593.6015625
3360,273891.21875
3361,229113.234375
3362,160450.1875
3363,153678.875
3364,141729.5625
3365,143929.6875
3366,217102.265625
3367,137918.25
3368,249542.15625
3369,164357.703125
3370,141869.4375
3371,212427.59375
3372,254340.78125
3373,124835.515625
3374,155268.296875
3375,161327.5625
3376,225414.328125
3377,206395.5625
3378,133277.359375
3379,240841.421875
3380,150696.546875
3381,170842.125
3382,125026.8671875
3383,171979.234375
3384,187612.875
3385,194225.171875
3386,173513
3387,190979.46875
3388,136647.46875
3389,188315.484375
3390,134039.71875
3391,152842.578125
3392,251991.953125
3393,124743.21875
3394,161194.875
3395,214347.953125
3396,156914.34375
3397,115630.0078125
3398,181150.25
3399,223013.765625
3400,154709.5
3401,167441.90625
3402,155774.140625
3403,107550.40625
3404,170764.40625
3405,230219.0625
3406,122741.8671875
3407,176595.78125
3408,183700.96875
3409,103380.3828125
3410,113172.90625
3411,197742.1875
3412,134210.5625
3413,202066.359375
3414,207601.359375
3415,154970.65625
3416,128548.09375
3417,183124.78125
3418,245336.59375
3419,114573.640625
3420,173876.515625
3421,140130.609375
3422,144343.359375
3423,157304.15625
3424,178259.359375
3425,188953.96875
3426,187258.359375
3427,172947.078125
3428,174816.15625
3429,180512.171875
3430,118132.1875
3431,185038.71875
3432,183697.96875
3433,175483.53125
3434,187698.203125
3435,233817.5
3436,178836.34375
3437,175528.40625
3438,175381.078125
3439,181276.4375
3440,210384.765625
3441,152102.625
3442,149645.953125
3443,186255.65625
3444,172758.09375
3445,230787.5625
3446,178718.390625
3447,123959.7109375
3448,165899.578125
3449,150830.390625
3450,118554.4140625
3451,185666.046875
3452,199945.359375
3453,146678.25
3454,175898.40625
3455,178044.59375
3456,134760.90625
3457,148865.953125
3458,160307.5625
3459,213190.234375
3460,111876.96875
3461,178318.046875
3462,157099.015625
3463,189982.140625
3464,217258.6875
3465,280304.625
3466,173026.671875
3467,130858.3203125
3468,224477.859375
3469,197898.9375
3470,187881.359375
3471,184196.5625
3472,197228.4375
3473,209349.734375
3474,188695.25
3475,203203.796875
3476,159424.390625
3477,174766.78125
3478,206022.0625
3479,135718.609375
3480,209395.265625
3481,136674.640625
3482,186461.453125
3483,190976.984375
3484,167179.421875
3485,194444.875
3486,104811.0703125
3487,229193.96875
3488,129249.84375
3489,170550.8125
3490,155418.828125
3491,162705.78125
3492,178430.265625
3493,159560.234375
3494,182136.21875
3495,180407.875
3496,197416.703125
3497,181009.203125
3498,151084.65625
3499,246020.875
3500,213806.9375
3501,278010.34375
3502,165597.546875
3503,145802.25
3504,173906.859375
3505,174487.09375
3506,161237.9375
3507,180734.765625
3508,170078.53125
3509,192265.3125
3510,161944.71875
3511,158485.984375
3512,156657.015625
3513,154171.40625
3514,194159.203125
3515,147583.96875
3516,230018.828125
3517,119336.875
3518,157194.28125
3519,146502.71875
3520,170170.796875
3521,168884.671875
3522,235727.109375
3523,106139.9375
3524,177501.953125
3525,158799.96875
3526,114577.640625
3527,182080.375
3528,140300.640625
3529,103220.140625
3530,194386.96875
3531,214938.0625
3532,194697.8125
3533,142762.59375
3534,148896.15625
3535,149353.109375
3536,152986.25
3537,152407.9375
3538,193430.875
3539,181265.578125
3540,198979.375
3541,179796.90625
3542,184066.296875
3543,109173.8984375
3544,145695.046875
3545,158584.265625
3546,144411.328125
3547,182225.125
3548,150140.765625
3549,185774.96875
3550,128257.96875
3551,182908.15625
3552,209628.71875
3553,148793.3125
3554,141029.234375
3555,185886.109375
3556,135901.578125
3557,122735.6484375
3558,191640.578125
3559,174354.234375
3560,210841.328125
3561,252260.09375
3562,140042.140625
3563,208783.78125
3564,211238.71875
3565,156978.4375
3566,183794.46875
3567,112853.6171875
3568,189044.65625
3569,154933.984375
3570,169983.265625
3571,201092.984375
3572,198190.078125
3573,171524.171875
3574,173954.90625
3575,195839.5
3576,129059.671875
3577,154102.484375
3578,174578.296875
3579,189542.125
3580,198713.765625
3581,216400.328125
3582,153370.28125
3583,194733.859375
3584,228235.703125
3585,142761.46875
3586,177795.90625
3587,147303.203125
3588,128786.9921875
3589,182616.453125
3590,178664.859375
3591,301911.65625
3592,204158.640625
3593,159240.65625
3594,154076.390625
3595,213280.3125
3596,181852.453125
3597,155773.765625
3598,159239.828125
3599,192202.046875
3600,197724.671875
3601,124225.21875
3602,114733.578125
3603,148622.15625
3604,188313.375
3605,199915.71875
3606,145965.03125
3607,154822.3125
3608,219596.53125
3609,210798.765625
3610,151421.59375
3611,119067.8671875
3612,179758.0625
3613,167245.203125
3614,159644.859375
3615,203771.890625
3616,210603.609375
3617,154296.34375
3618,149939.1875
3619,141213.921875
3620,150001.90625
3621,133889.703125
3622,153195.109375
3623,188536.53125
3624,190499.4375
3625,231589.71875
3626,219549.3125
3627,185477.578125
3628,128113.375
3629,215063.53125
3630,180585.21875
3631,163478.078125
3632,200520.09375
3633,257737.4375
3634,145066.96875
3635,164744.84375
3636,265819.03125
3637,301420.96875
3638,159015.125
3639,278680.4375
3640,214412.484375
3641,151189.796875
3642,219700.21875
3643,178828.734375
3644,123839.96875
3645,238980.796875
3646,185665.640625
3647,122455.890625
3648,120965.21875
3649,137951.921875
3650,155298.03125
3651,163140.734375
3652,191703.046875
3653,129123.1328125
3654,173180.46875
3655,166125.203125
3656,153030.59375
3657,151371.453125
3658,259671.078125
3659,152388.015625
3660,138013.453125
3661,167775.4375
3662,177837.828125
3663,124562.875
3664,178925.84375
3665,154750.203125
3666,151360
3667,134065.828125
3668,151824.84375
3669,174196.875
3670,180639.390625
3671,182069.421875
3672,141887.171875
3673,165782.484375
3674,189705.421875
3675,198235.46875
3676,125273.125
3677,183536.984375
3678,233185
3679,221387.296875
3680,228628.4375
3681,177231.234375
3682,198027.78125
3683,247233.90625
3684,145972.125
3685,182830.09375
3686,191985.890625
3687,133515.28125
3688,173823.84375
3689,137711.5
3690,183995.234375
3691,155645.09375
3692,96961.046875
3693,288573.375
3694,233153.734375
3695,160998.8125
3696,209460.15625
3697,181734.328125
3698,181646.09375
3699,188611.609375
3700,199857.734375
3701,182731.609375
3702,146882.84375
3703,143925.1875
3704,249681.125
3705,167426.3125
3706,126962.2109375
3707,165141.125
3708,148420.890625
3709,169076.375
3710,162325.71875
3711,202818.671875
3712,150764.1875
3713,135584.109375
3714,138234.3125
3715,255351.5
3716,157648.0625
3717,194439.078125
3718,223957.5625
3719,138199.53125
3720,166478.46875
3721,137171.859375
3722,183071.1875
3723,213388.46875
3724,251308.078125
3725,125132.2109375
3726,236282.703125
3727,166915.765625
3728,160526.890625
3729,163451.265625
3730,129035.015625
3731,217165.28125
3732,169179.09375
3733,122511.375
3734,131522.625
3735,155592.671875
3736,134126.984375
3737,172510.59375
3738,139960.640625
3739,201323.109375
3740,169758.53125
3741,114354.484375
3742,151946.9375
3743,187785.859375
3744,133105.328125
3745,124794.09375
3746,151408.21875
3747,255585.140625
3748,192573.5
3749,181729.734375
3750,251777.515625
3751,204313.375
3752,208585.4375
3753,241835.25
3754,257466.09375
3755,177858.890625
3756,199693.421875
3757,112352.125
3758,175570.28125
3759,170670.671875
3760,232302.359375
3761,144460.078125
3762,184756.1875
3763,214608.265625
3764,187236.84375
3765,241879.984375
3766,175773.4375
3767,200718.703125
3768,220258.359375
3769,162247.96875
3770,212070.109375
3771,146577.703125
3772,138996.265625
3773,210840.8125
3774,162108.453125
3775,234478.078125
3776,131063.8828125
3777,197428.65625
3778,161718.859375
3779,182986.09375
3780,147708.0625
3781,180743.546875
3782,133344.875
3783,134657.4375
3784,129982.09375
3785,148454.28125
3786,212581.265625
3787,178884.75
3788,119424.9921875
3789,152780.796875
3790,92398.5390625
3791,257609.46875
3792,177302.4375
3793,165093.484375
3794,122177.8984375
3795,192274.078125
3796,232277.0625
3797,146861.03125
3798,168988.34375
3799,121308.40625
3800,202906.921875
3801,151230.28125
3802,144404.34375
3803,142019.78125
3804,197428.203125
3805,162282.578125
3806,138788.359375
3807,188844.03125
3808,156298.765625
3809,204112.984375
3810,178323.921875
3811,271969.5
3812,192268.890625
3813,158475.171875
3814,207721.046875
3815,150727.53125
3816,150217.921875
3817,229532.4375
3818,214673.5
3819,179140.703125
3820,131278.328125
3821,122136.6953125
3822,156358.875
3823,131390.46875
3824,126543.6796875
3825,151886.3125
3826,147313.328125
3827,172753.765625
3828,136022.8125
3829,151509.984375
3830,144578.484375
3831,199555.515625
3832,211575.546875
3833,172426.90625
3834,125204.890625
3835,222443.109375
3836,194849.765625
3837,120151.375
3838,180836.234375
3839,198585.3125
3840,173246.125
3841,244939.546875
3842,206579.953125
3843,183506.234375
3844,166435.96875
3845,138490.453125
3846,135447.015625
3847,179262.890625
3848,178056.8125
3849,212548.4375
3850,141544.75
3851,235708.671875
3852,139610.828125
3853,151838.421875
3854,262652.59375
3855,170058.90625
3856,145273.953125
3857,244712.84375
3858,158399.515625
3859,125846.3671875
3860,139370.0625
3861,174085.578125
3862,217553.015625
3863,124437.1796875
3864,190231.296875
3865,155757.703125
3866,177167.453125
3867,163740.15625
3868,271435.84375
3869,133792.21875
3870,210777.484375
3871,175114.359375
3872,184732.875
3873,141198.328125
3874,235334.90625
3875,150794.53125
3876,132780.765625
3877,172961.65625
3878,106343.0859375
3879,119969.1015625
3880,181123.75
3881,154393.3125
3882,170338.875
3883,117910.296875
3884,249833.890625
3885,165522.984375
3886,141760.5625
3887,183783
3888,201040.984375
3889,283934.3125
3890,156637.8125
3891,170658.765625
3892,193409.5625
3893,138108.65625
3894,173664.21875
3895,156305.875
3896,174554.125
3897,135164.921875
3898,250099.90625
3899,172675.953125
3900,115728.3984375
3901,183311.625
3902,144176.375
3903,206430.15625
3904,240430.859375
3905,123403.1640625
3906,126386.0546875
3907,146485.984375
3908,156782.71875
3909,125769
3910,199535.484375
3911,126129.5078125
3912,197679.34375
3913,155710.3125
3914,170435.34375
3915,286406.65625
3916,158108.25
3917,240838.203125
3918,132187.1875
3919,141330.75
3920,121079.6015625
3921,152805.359375
3922,137573.65625
3923,250513.78125
3924,163446.484375
3925,224504.8125
3926,179300.6875
3927,258777.15625
3928,190563.421875
3929,151786.65625
3930,205311.796875
3931,164494.25
3932,141338.890625
3933,175186.484375
3934,167686.515625
3935,149926.375
3936,150116.96875
3937,159381.359375
3938,172765.09375
3939,139780.75
3940,192985.875
3941,137503.453125
3942,176195.5
3943,161443.25
3944,99014.4296875
3945,217149.421875
3946,144805.34375
3947,152527.5
3948,228514.75
3949,151754.625
3950,196092.640625
3951,159643.8125
3952,140345.53125
3953,189060.640625
3954,244173.96875
3955,166374.828125
3956,154967.75
3957,178944.6875
3958,140223.15625
3959,178314.546875
3960,98033.59375
3961,163642.671875
3962,179074.828125
3963,173171.3125
3964,183865.4375
3965,115066.1484375
3966,162844.15625
3967,115657.9375
3968,110106.7578125
3969,187111.265625
3970,182533.28125
3971,138756.3125
3972,161951.796875
3973,176875.90625
3974,142732.328125
3975,227934.4375
3976,137220.375
3977,155322.984375
3978,282410.21875
3979,194356.046875
3980,174283.640625
3981,186351.875
3982,136401.28125
3983,154357.9375
3984,167272.96875
3985,180588.984375
3986,198024.125
3987,118008.7421875
3988,220097.21875
3989,152681.046875
3990,225721.953125
3991,147830.78125
3992,243818.515625
3993,144763.734375
3994,175363.875
3995,172051.953125
3996,223283.9375
3997,196571.15625
3998,195736.421875
3999,153255.34375
4000,169880.25
4001,165538.125
4002,246609.765625
4003,137850.96875
4004,117540.6640625
4005,135149.859375
4006,155941.625
4007,142582.5625
4008,152386.3125
4009,172575.890625
4010,128125.046875
4011,216429.578125
4012,212821.171875
4013,137387.625
4014,112434.453125
4015,153277.796875
4016,161069.921875
4017,116213.6796875
4018,151527.03125
4019,140583.828125
4020,167110.296875
4021,203362.546875
4022,170486.828125
4023,162882.625
4024,195326.03125
4025,179076.15625
4026,124719.265625
4027,196375.15625
4028,155636.265625
4029,129403.40625
4030,167504.171875
4031,212271.640625
4032,148310.3125
4033,234083.09375
4034,187911.90625
4035,126133.578125
4036,148213.578125
4037,194846.90625
4038,170772.875
4039,211970.1875
4040,157956.734375
4041,147329.625
4042,123298.8828125
4043,135935.859375
4044,222803.625
4045,162683.59375
4046,162526.484375
4047,277577.84375
4048,186400.21875
4049,134334.0625
4050,164363.890625
4051,143949.609375
4052,195381.25
4053,192530.140625
4054,183378.765625
4055,159352
4056,235740.5625
4057,214477.546875
4058,162064.75
4059,236598.796875
4060,156168.75
4061,174138.265625
4062,165191
4063,102686.8125
4064,192094.609375
4065,150969.515625
4066,193346.65625
4067,183018.1875
4068,121381.46875
4069,135515.421875
4070,189994.1875
4071,223137.875
4072,184996.140625
4073,131000.859375
4074,149648.828125
4075,105626.953125
4076,157855.234375
4077,133587.4375
4078,197865.96875
4079,137716.34375
4080,214271.265625
4081,162862.421875
4082,166566.78125
4083,128839.171875
4084,185262.78125
4085,245561.078125
4086,173853.859375
4087,172742.25
4088,203925.828125
4089,246722.96875
4090,177282.40625
4091,166882.65625
4092,146584.6875
4093,188363.234375
4094,127871.1484375
4095,171708.5
4096,141246.421875
4097,183814.734375
4098,170486.671875
4099,142006.5
4100,118689.7578125
4101,187004.71875
4102,123087.3359375
4103,152484.515625
4104,148425.484375
4105,183671.015625
4106,141024.71875
4107,130031.9921875
4108,148644.328125
4109,187357.109375
4110,171414.25
4111,145317.671875
4112,186722.796875
4113,153655.5
4114,250500.265625
4115,127126.59375
4116,110697.828125
4117,234518.03125
4118,237120.9375
4119,178461.265625
4120,142489.203125
4121,137283.453125
4122,196109.765625
4123,173896.796875
4124,122717.71875
4125,155200.09375
4126,185203.03125
4127,261379.453125
4128,150462.453125
4129,154173.375
4130,148288.1875
4131,165763.3125
4132,174619.703125
4133,181864.28125
4134,146396.875
4135,176551.796875
4136,189480.609375
4137,196822.859375
4138,109959.78125
4139,154680.484375
4140,167399.46875
4141,157849.953125
4142,172709.4375
4143,130219.34375
4144,177299.328125
4145,159172.328125
4146,198373.03125
4147,142207.5625
4148,127471
4149,206547.6875
4150,168475.28125
4151,197709.875
4152,138442.484375
4153,115826.0625
4154,196333.734375
4155,104191.4140625
4156,141345.578125
4157,106655.4375
4158,155221.4375
4159,227817.421875
4160,249888.140625
4161,153848.40625
4162,201705.890625
4163,174096.53125
4164,192145.015625
4165,250346.78125
4166,158941.609375
4167,135331.3125
4168,212473.71875
4169,155289.203125
4170,212108.671875
4171,187774.296875
4172,177397.0625
4173,147808.78125
4174,188978.578125
4175,150551.46875
4176,141389.78125
4177,157820.90625
4178,191032.21875
4179,200673.53125
4180,153474.0625
4181,242003.109375
4182,138421.5
4183,168623.609375
4184,200750.453125
4185,156783.578125
4186,160008.4375
4187,275782.46875
4188,215286.578125
4189,149352.359375
4190,185554.875
4191,226949
4192,175602.546875
4193,121953.0234375
4194,173328.796875
4195,240292.609375
4196,155866.09375
4197,181957.25
4198,150673.453125
4199,144527.953125
4200,95171.3359375
4201,160433.9375
4202,131711.265625
4203,140851.390625
4204,136577.65625
4205,163440.5
4206,163648.96875
4207,188895.046875
4208,158058.984375
4209,193349.4375
4210,176372.328125
4211,225271.546875
4212,132432.828125
4213,171381.09375
4214,177122.765625
4215,147097.828125
4216,246931.421875
4217,168875.59375
4218,168948.875
4219,165794.40625
4220,98905.0546875
4221,194636.96875
4222,158939.34375
4223,173050.34375
4224,149506.359375
4225,160232.859375
4226,165105.34375
4227,238463.4375
4228,131721.71875
4229,146860.8125
4230,196136.546875
4231,206070.234375
4232,151325.078125
4233,168713.3125
4234,126080.140625
4235,230829.078125
4236,120938.46875
4237,158192.375
4238,142158.328125
4239,148627.046875
4240,122774.109375
4241,149130.265625
4242,143741.125
4243,205924.65625
4244,132933.828125
4245,160158.875
4246,199919.4375
4247,139253.359375
4248,263862.21875
4249,246351.171875
4250,156897.796875
4251,176918.5625
4252,148242.859375
4253,135747.078125
4254,138502.0625
4255,139270.734375
4256,183044.8125
4257,144388.15625
4258,161566.140625
4259,239796.03125
4260,154906.609375
4261,166304.4375
4262,205336.484375
4263,89536.328125
4264,165236.546875
4265,236661.203125
4266,209456.59375
4267,173559.171875
4268,90423.7578125
4269,119043.265625
4270,215486.6875
4271,149696.328125
4272,161831.171875
4273,182259
4274,147430.265625
4275,199948.828125
4276,203626.265625
4277,194317.125
4278,188976.140625
4279,161115.875
4280,248883.265625
4281,149159.140625
4282,158124.9375
4283,151875.546875
4284,142928.09375
4285,212269.1875
4286,207514.21875
4287,153026.953125
4288,134832.3125
4289,154182.015625
4290,179681.375
4291,209585.671875
4292,253695.90625
4293,140624.46875
4294,140981.203125
4295,184495.765625
4296,194678.484375
4297,189601.234375
4298,175304.171875
4299,160122.96875
4300,190960.140625
4301,223257.171875
4302,201619.390625
4303,230936.421875
4304,207517.171875
4305,216953.984375
4306,131199.8125
4307,179998.53125
4308,94717
4309,241088.4375
4310,135529.015625
4311,141178.25
4312,247532.0625
4313,176836.96875
4314,180861.890625
4315,176815.9375
4316,185056.9375
4317,211578.03125
4318,249118.171875
4319,144225.65625
4320,115126.3359375
4321,195169.46875
4322,164732.1875
4323,283200.5
4324,231528.171875
4325,214041.84375
4326,156170.34375
4327,197961.140625
4328,185031.390625
4329,230291.421875
4330,167762.171875
4331,116416.2890625
4332,256477.046875
4333,185621.640625
4334,204748.59375
4335,124722.9609375
4336,254090.484375
4337,213111.203125
4338,131562.203125
4339,196138.421875
4340,141558.546875
4341,137423.984375
4342,176181.296875
4343,151466.328125
4344,140925.34375
4345,158196.765625
4346,117992.8203125
4347,180280.59375
4348,165056.5625
4349,126955.0859375
4350,170056.234375
4351,264432.375
4352,145155.5
4353,147516.953125
4354,142256.34375
4355,171788.328125
4356,145121.265625
4357,134275.921875
4358,199819.796875
4359,168297.078125
4360,210022.0625
4361,206902.796875
4362,281064.65625
4363,229236.625
4364,195974.28125
4365,113559.984375
4366,137808.484375
4367,156814.390625
4368,156196.546875
4369,210572.875
4370,149561.9375
4371,180109.9375
4372,137189.75
4373,123150.5234375
4374,360554.53125
4375,184542.71875
4376,165744.1875
4377,215068.796875
4378,240294.109375
4379,173281.203125
4380,161055.828125
4381,169445.734375
4382,153255.546875
4383,190316.1875
4384,159161.375
4385,148005.53125
4386,169471.96875
4387,143233.671875
4388,247595.640625
4389,190892.796875
4390,168051.40625
4391,179862.34375
4392,178141
4393,261619.5
4394,154415.75
4395,211361.046875
4396,150432.359375
4397,142913.578125
4398,131061.7109375
4399,243242.96875
4400,127540.265625
4401,202794.421875
4402,160767.203125
4403,144713.546875
4404,242151.09375
4405,214187.046875
4406,179510.171875
4407,197526.734375
4408,144798.5
4409,141296.296875
4410,172840.34375
4411,145589.234375
4412,119860.546875
4413,147114.125
4414,152812.421875
4415,207937.765625
4416,127056.5703125
4417,216184.15625
4418,214934.453125
4419,183874.9375
4420,271583.3125
4421,166089.328125
4422,171242.390625
4423,205091.1875
4424,186208.359375
4425,213199.125
4426,216687.34375
4427,164185.1875
4428,176409.515625
4429,139960.046875
4430,201272.65625
4431,163319.578125
4432,157530.875
4433,180923.296875
4434,180203.625
4435,177855.96875
4436,196531.078125
4437,157512.265625
4438,190788.296875
4439,157796.140625
4440,150038.921875
4441,155861.625
4442,114521.8515625
4443,167854.71875
4444,144998.203125
4445,179876.859375
4446,173727.15625
4447,155623.4375
4448,244430.546875
4449,168954.546875
4450,268517.03125
4451,202824.46875
4452,191797.921875
4453,190103.546875
4454,228870.59375
4455,215355.90625
4456,128537.78125
4457,158878.421875
4458,120009.09375
4459,200910.734375
4460,197244.34375
4461,146365.84375
4462,167986.015625
4463,192108.75
4464,148826.453125
4465,124708.734375
4466,134094.6875
4467,222956.296875
4468,243006.09375
4469,319888.6875
4470,113335.078125
4471,168475.0625
4472,124870.78125
4473,118510.765625
4474,127282.2578125
4475,179992.609375
4476,149002.796875
4477,185587.921875
4478,134144.234375
4479,154969.46875
4480,208260.296875
4481,168085.21875
4482,194273.734375
4483,190894.390625
4484,147594.953125
4485,182131.25
4486,140513.359375
4487,131995.4375
4488,130717.015625
4489,168379.46875
4490,154796.609375
4491,192672.21875
4492,122665.984375
4493,230283.03125
4494,140956
4495,204474.640625
4496,219485.40625
4497,141741.375
4498,151229.90625
4499,209711.625
4500,132799.34375
4501,172565.65625
4502,153609.796875
4503,197400.046875
4504,151546.296875
4505,223570.71875
4506,137599.6875
4507,164433.578125
4508,101327.4140625
4509,149606.65625
4510,135474.015625
4511,171141.921875
4512,222791.34375
4513,222098.84375
4514,177113.8125
4515,156003.9375
4516,177254.3125
4517,162656.96875
4518,161721.71875
4519,133086.171875
4520,134386.53125
4521,163191.6875
4522,142334.203125
4523,154531.703125
4524,176271.765625
4525,156483.1875
4526,170098.765625
4527,145500.078125
4528,309910.21875
4529,241728.1875
4530,151731.96875
4531,218201.96875
4532,140831.09375
4533,160490.703125
4534,152351.015625
4535,139171.15625
4536,205142.21875
4537,177555.453125
4538,156978.46875
4539,174738.484375
4540,130749.53125
4541,157866.9375
4542,149655.078125
4543,163562
4544,168128.703125
4545,143399.328125
4546,256701.484375
4547,148473.984375
4548,149407.46875
4549,246604.296875
4550,181872.1875
4551,118839.65625
4552,207047.609375
4553,201988.171875
4554,191776.625
4555,133518.6875
4556,129252.359375
4557,169428.125
4558,235003.84375
4559,147000.3125
4560,145842.859375
4561,136561.109375
4562,187061.0625
4563,202042.15625
4564,141347.796875
4565,146617
4566,156140.578125
4567,180723.1875
4568,212731.796875
4569,143580.546875
4570,163873.0625
4571,152182.90625
4572,192588.5625
4573,148173.46875
4574,183226.359375
4575,123421.7578125
4576,169474.203125
4577,153947.59375
4578,149853.578125
4579,142721.078125
4580,127337.984375
4581,181692.6875
4582,129534.9609375
4583,192507.65625
4584,184659.65625
4585,153637.46875
4586,165742.625
4587,302453.5625
4588,189872.921875
4589,171173.453125
4590,168576.546875
4591,166994.71875
4592,113331.3203125
4593,214527.234375
4594,132002.171875
4595,156760.0625
4596,131581.5
4597,198950.546875
4598,146089.21875
4599,134254.796875
4600,151172.8125
4601,169629.390625
4602,180815.578125
4603,163614.109375
4604,223737.453125
4605,153720.4375
4606,228855.296875
4607,119184.1953125
4608,268168.90625
4609,140931.96875
4610,155058.8125
4611,160394.921875
4612,137748.25
4613,158464.5625
4614,178653.875
4615,212381.890625
4616,157158.390625
4617,178246.890625
4618,162710.546875
4619,156219.453125
4620,192082.96875
4621,154835.3125
4622,142009.59375
4623,137174.390625
4624,133389.5625
4625,177778.09375
4626,191049.109375
4627,155692.859375
4628,100972.5234375
4629,152316.09375
4630,113037.5234375
4631,147592.53125
4632,151322.5
4633,184061.71875
4634,162104.78125
4635,192272.109375
4636,152266.21875
4637,152402.25
4638,181467.3125
4639,165581.875
4640,138163.078125
4641,120288.1640625
4642,211661.28125
4643,271954.03125
4644,144297.515625
4645,208299.796875
4646,319220.0625
4647,165999.46875
4648,129896.140625
4649,184047.625
4650,203082.34375
4651,165100.890625
4652,161678.578125
4653,247396.15625
4654,227256.4375
4655,140328
4656,135176.140625
4657,134835.28125
4658,139185.421875
4659,194993.359375
4660,273548.8125
4661,154147.53125
4662,191166.46875
4663,198027.96875
4664,184507.828125
4665,164436.59375
4666,145553.0625
4667,147671.5625
4668,173118.671875
4669,145879.46875
4670,142287.140625
4671,169404.421875
4672,200613.015625
4673,161346.578125
4674,170285.5
4675,169920.0625
4676,262252.4375
4677,108678.9375
4678,144322.921875
4679,142329.25
4680,208063.34375
4681,166476.5
4682,212107.515625
4683,161149.6875
4684,212893.109375
4685,169036.484375
4686,251569.78125
4687,155475.890625
4688,129865.875
4689,194331.703125
4690,135861.609375
4691,165237.53125
4692,237281.078125
4693,240971.390625
4694,176685.515625
4695,166590.8125
4696,115509.546875
4697,165016.296875
4698,237877.65625
4699,159397.953125
4700,134584.578125
4701,269803.90625
4702,244012.15625
4703,226302.15625
4704,147383.28125
4705,166535.984375
4706,242254.734375
4707,188766.25
4708,220443.296875
4709,165068.890625
4710,152282.03125
4711,147579.171875
4712,191224.125
4713,167585.078125
4714,152779.546875
4715,177275.1875
4716,283460.375
4717,154695.765625
4718,130953.5390625
4719,191591.671875
4720,129199.078125
4721,204575.34375
4722,181060.984375
4723,168244.5
4724,179188.765625
4725,213388.109375
4726,175749.703125
4727,216493.8125
4728,139617.59375
4729,165443.40625
4730,178790.703125
4731,132925.375
4732,200403.78125
4733,196121.390625
4734,235926.609375
4735,145955.390625
4736,243439.171875
4737,216892.515625
4738,236948.890625
4739,346241.15625
4740,174695.796875
4741,211577.34375
4742,181615.15625
4743,142556.734375
4744,135886.390625
4745,166761.875
4746,229194.9375
4747,125673.3515625
4748,151174.421875
4749,119172.828125
4750,295333.78125
4751,113961.8515625
4752,209515.5625
4753,190362.140625
4754,166965.859375
4755,124274.9765625
4756,277234
4757,131584.28125
4758,139563.875
4759,220423.34375
4760,346564.5
4761,172551.5625
4762,170722.96875
4763,172574.28125
4764,157032.921875
4765,142333.625
4766,140159.796875
4767,141367.15625
4768,166559.359375
4769,187809.046875
4770,224686.875
4771,185944.8125
4772,117793.0703125
4773,159722.828125
4774,173889.21875
4775,186727.96875
4776,149722.3125
4777,151425.296875
4778,263692.375
4779,178316.390625
4780,177241.4375
4781,179138.90625
4782,158036.578125
4783,182017.234375
4784,166351.828125
4785,229420.6875
4786,106627.1640625
4787,193996.65625
4788,191260.03125
4789,228488.078125
4790,217554.171875
4791,203419.578125
4792,131177.59375
4793,204507.390625
4794,215907.171875
4795,120379.453125
4796,208812.34375
4797,149218.359375
4798,236218.5
4799,175298.546875
4800,229468.328125
4801,216632.75
4802,128494.6875
4803,151749.015625
4804,193042.28125
4805,169302.09375
4806,178607.359375
4807,195126.46875
4808,194325.9375
4809,225897.640625
4810,151666.40625
4811,145105.390625
4812,145462.34375
4813,197744.40625
4814,140676.125
4815,135557.109375
4816,227205.078125
4817,192206.78125
4818,178119.5
4819,146648.5
4820,191629.9375
4821,191524.046875
4822,161788.984375
4823,156141.015625
4824,132896.140625
4825,142152.796875
4826,194030.421875
4827,152862.328125
4828,227315.859375
4829,180523.6875
4830,155021.765625
4831,194954.1875
4832,212790.609375
4833,135031.0625
4834,193149.53125
4835,219045.390625
4836,197461.796875
4837,154366.859375
4838,162887.453125
4839,232936.6875
4840,170783.359375
4841,164220.96875
4842,161620
4843,242028.1875
4844,220664.375
4845,150460.875
4846,155615.359375
4847,112553.890625
4848,169889.09375
4849,194472.359375
4850,195442.25
4851,201031.75
4852,115189.6953125
4853,138033.65625
4854,146451.203125
4855,193621.46875
4856,193732.8125
4857,223316.875
4858,147167.9375
4859,143018.671875
4860,147222.90625
4861,198273.6875
4862,167463
4863,185449.453125
4864,211614.515625
4865,151067.265625
4866,159821.21875
4867,177448.203125
4868,160940.75
4869,129660.2421875
4870,191710.53125
4871,168985.625
4872,190155.609375
4873,219034.546875
4874,147132.078125
4875,132622
4876,134778.140625
4877,181062.765625
4878,153047.734375
4879,172032
4880,268060.90625
4881,214150.640625
4882,118970.8671875
4883,340254.75
4884,218186.25
4885,156263.4375
4886,175079.65625
4887,123107.484375
4888,211866.109375
4889,165046.0625
4890,132588.15625
4891,112747.9609375
4892,98058.9453125
4893,214102.765625
4894,163355.421875
4895,165686.5625
4896,166493.578125
4897,178337.4375
4898,98575.671875
4899,213048.421875
4900,214762.046875
4901,173220.890625
4902,181505.125
4903,156635.9375
4904,176480.28125
4905,148869.046875
4906,192861.453125
4907,131842.546875
4908,166520.125
4909,170548.265625
4910,280562.34375
4911,153599.359375
4912,127115.21875
4913,228471.46875
4914,153455.78125
4915,187750.609375
4916,134256.578125
4917,144609.640625
4918,133601.0625
4919,157376.640625
4920,167645.71875
4921,173250.796875
4922,155720.765625
4923,206650.234375
4924,149760.328125
4925,160904.4375
4926,125745.65625
4927,195539.140625
4928,186589.109375
4929,286234.96875
4930,258200.3125
4931,161178.671875
4932,177760.125
4933,145846.15625
4934,175433.625
4935,141506.703125
4936,156107.734375
4937,125183.2109375
4938,189660.359375
4939,175083.296875
4940,173559.5
4941,184390.15625
4942,115180.8359375
4943,188933.671875
4944,219560.4375
4945,147329.640625
4946,211218.84375
4947,162307.1875
4948,229011.296875
4949,208766.25
4950,140375.484375
4951,253931.328125
4952,167045.453125
4953,146761.859375
4954,210015.71875
4955,139551.40625
4956,150674.53125
4957,141053.5
4958,142292.359375
4959,184466.25
4960,180394.359375
4961,165141.625
4962,219789.84375
4963,214207.40625
4964,219668.71875
4965,107741.671875
4966,126101.1015625
4967,163411.75
4968,164214.03125
4969,155853.546875
4970,177926.984375
4971,167588.609375
4972,186790.9375
4973,194128.703125
4974,156817.640625
4975,158507.046875
4976,212449.921875
4977,217057.953125
4978,138582.109375
4979,229682.046875
4980,155524.8125
4981,142889.4375
4982,131452.296875
4983,187806.125
4984,133311.46875
4985,110675.5
4986,199568.171875
4987,214387.703125
4988,248856.578125
4989,212707.453125
4990,151570.421875
4991,131551.3125
4992,155029.25
4993,127794.9765625
4994,191554.984375
4995,188525.5
4996,144734.03125
4997,257580.40625
4998,196968.3125
4999,156025.484375
5000,220468.921875
